A,B,C,D
20,20,20,20
-1.3299406823414364,20,20,20
-0.1942969434350554,-1.7058002230935203,-0.6146737560356563,-0.26462009862754526
0.6232845745610364,1.0566614422969092,0.7890968824796176,1.067546545537471
0.7030468596466308,0.7906711775710146,-0.17044921582866263,1.5085927910002082
0.350130915085882,-0.21718485175836427,-0.9738421485898927,1.3716152747465034
0.4449883721754724,1.5359767810180847,0.48930243432432646,-1.6774623475552846
-0.7470181015108657,-2.4715264622064614,-1.0264136437672398,-0.3510331812815448
1.7562260743770493,-0.00030102206912634746,-0.06981528696628042,-0.28670198749933795
-0.3235210057847845,-0.570273280361887,-1.381058952239493,0.2840449517586397
0.4882318656275811,-2.0172327168853337,0.1362420353889316,1.22861004094198
-0.768423569493043,0.6613542902158526,-0.43293583651955986,0.5043408740939893
-0.3184536290879172,1.4957163590096882,-0.21326657966413667,-0.9528711852374675
-1.531556899178602,-0.9815359156142178,-1.5043361029825564,-2.4150204823312484
-1.6853724963931425,-0.4289778807656934,0.7358947747393703,0.1626348999197967
0.5722896237891106,-0.8727469502318553,0.6261480507090217,0.25305374870982833
-0.513833049494399,-0.49521540095433103,-0.0714341927405786,-0.24185852735956448
0.39009353356896737,-0.1557958658798479,0.67947538587143,0.12427880314706521
-0.4708421663354964,-0.21576644435368586,-0.4057180537567683,-0.405438204993219
-0.2498722487693705,-0.5836867898538902,0.8722451833118922,0.44437282866849354
0.16588145869580734,1.215889799966836,-0.04243587959284589,-1.1982702772893075
1.269462673375674,-2.3955112109368346,-1.0531692404949013,0.3627160541203097
-0.9300922573292898,-0.7651729105503466,-0.58392029245082,0.10127995121979197
0.3496331053646795,0.643655466388685,0.20882777629719637,-0.4129503637926938
-0.19097114485963773,-1.1299494490478914,-0.11524855256852966,-0.05605221694007999
2.0269257877987195,0.33840018429146734,0.9996007536525781,-2.066013978742435
-0.4799224492168097,0.6790489492666845,0.8829562656586262,1.1009426035288614
0.7193116941797442,-1.0938076614869292,0.29415077122268923,-0.23956443560525184
0.09941067541457184,0.9217052629255735,0.3651509345967398,0.5801240021912166
0.97760429874621,-1.337207862954078,-0.6166288934302249,1.448681587923524
0.42219981347747537,1.133158404571213,-0.91689243903351,-0.6878083584268669
-0.26966267055126264,0.1996558662203063,-1.3830246456459663,-1.0879586341356673
-0.4114461592468887,0.24975015697548092,0.27788264539025376,-1.1325505676746712
1.162581883825518,-0.2814035579639129,0.03580825176131437,-0.8156555010397923
1.774948820291367,-1.0301820399508854,-0.11550368344208224,0.6490513544747657
-1.1326155055672305,-0.6839603655531673,0.42561716459989396,0.7584249507868922
0.31055399945634254,1.162710264968161,1.4664186773388923,-1.0866754424559273
0.3501441921486994,0.42920468919060684,0.37221393008496056,0.13520386488265732
2.200674838681835,0.1771547706991121,-1.7173694201267007,0.2383427618368897
0.8384148995239216,-2.036916889229315,-0.6041995526622221,0.3347242998799567
-0.2623827984920666,1.3351910713225357,-0.1658197529215455,-2.3953750180751405
0.6937985982135326,-0.9687013377975066,-0.4019566408719693,-0.08398483868451921
1.263518360113006,1.2853893702233916,-0.7888508468402101,-1.7796350601540982
1.4969468919224684,-0.44439435380042136,0.012922807762093539,2.0370223633336484
-1.435666060886072,-0.8027155255358035,-0.999004045694686,-0.8665884303802871
-1.3533874830902113,-1.0719020333323561,-0.2809875345528645,0.1816528552152002
-0.32130972817392484,1.0607321051439174,-0.49247351365155284,-1.119115133237726
-0.7575481441618616,-0.8083909759751653,-1.1190577303906222,-1.249902827215832
0.9152233169835028,0.36087726760240246,0.301998707460832,-1.5714686067912198
-1.4569545709217204,0.3305658123333512,0.06657653454608943,0.965711127435323
1.577997831686968,-0.906418502845659,-0.001852088306297468,-1.5963742031981851
1.30745951817326,-1.8673232222944882,0.4354191465314258,0.021506108604303877
1.026570390292076,0.042991984283895224,0.5831440232828156,1.3794878543965585
-1.0626394400365238,-1.34466231222916,1.6468670330242683,-2.1857269738646896
-0.9001106646269837,-0.0010679244239587653,0.24528698826636067,0.24057101645462917
1.3066466370772614,-1.8306921715232436,-0.5723459580538027,0.8045661366930827
0.47956839931361306,-0.32846576105890773,0.07543550178115715,1.1330524892934744
1.2905414578831724,1.679021910970791,-0.5923565795227108,0.2922676758817855
0.8953568769462303,-0.3455704976252493,-1.3077716144059832,-0.6800463620024096
-0.34450490291669184,-0.7050469662556351,0.6812525487425891,-1.6809825854762661
-0.18254672768831812,0.4917747046394396,0.5903912451731794,1.4670848254981717
-1.0098999606789216,0.8424733708341675,0.13624391921672144,-0.19082804258347708
1.0294673857937884,-0.7824758667924866,-1.1768664740159767,-0.4464692054685945
-0.30357378083304454,-0.2596818782893976,-0.8449091024291181,-0.65879159773987
-0.2235811850408524,-0.786370484271496,-0.2655368465949033,-1.367465103862007
0.16774855315120932,-0.6340861520272522,2.629152388829352,-0.1661883058842432
-1.558082587719078,-0.30365803630929566,-0.13574545365105536,-0.1901145902577429
-0.27965477790503684,0.8606847548391271,0.15758124197946302,1.4959936291734972
0.5227419198358033,0.6284864648991166,0.6826554180404889,-0.7270815427599053
-0.04254026012376116,0.9191417198756517,-1.8757349928637437,0.007338579569570934
-0.5168887451637725,0.326634950619407,-2.0279419511456354,-0.7054227153262654
-0.12228654461930612,0.3419863147922181,-0.8286351860911296,-1.3519501222358885
-0.8824330684180861,-0.172635259178469,-0.42164047826784534,-0.7866650491784891
-1.6694220714328927,0.12277852758080851,0.5160129038039499,0.631558692386327
-1.0208843071807339,1.3482048186877893,0.5109174103398486,-0.6598863282187853
-0.0063762644848288814,0.24767527371504844,-1.5491662815587814,-0.6625609729325557
-0.14439003283383908,1.310341352934841,-0.13656685308467412,-1.086113924684264
0.5995020740771837,-0.14434558043890028,-1.2997201937294416,0.5378677317564883
-0.766414650070112,1.0948129280049055,-0.7174769788369132,0.8894259690809142
-0.160961220352336,0.39588241259462625,1.062187578245804,0.15847307043565473
0.3675116537239259,1.037490197207441,-1.442543602538724,0.9794209147802589
-0.2408497667230559,0.13923775502819927,0.7827507451170053,0.19806406180447864
-0.808612750654393,1.003321926219016,0.9468002941106928,-0.45653994322254177
1.3524281463877648,-0.5376873542595579,1.5166914520582626,0.6843403311563343
-0.3221674717709509,0.3576871052033122,-0.009580321010088154,-0.5634526769546592
-0.38782415422302297,-0.09890932271476661,0.5532940434857423,-2.092445569999999
2.2938403855800615,0.7844107386352831,-1.5609693798694462,2.631195986409932
-0.4423746422695727,-0.3215758011095089,1.1549338123486481,1.0360127075557182
-0.37275253124598545,-0.5185059022211859,0.04241219253269711,-0.5984093520149689
0.6093756977890704,1.0928276303995295,-1.5894241153481614,0.49123078427758143
1.0465459645000885,2.183837456786832,-0.8447249481225992,0.7722865809800902
-3.148930771306993,1.0338517312682973,-0.19125896946692753,0.3529305742786211
1.0928099273172853,-0.25350958379638355,0.010577292770150758,-0.2281896426631756
-0.16051242794492573,-0.14713214652786294,-0.09772949494480557,-0.574384004414591
0.7654768463181584,1.0726893378882487,0.5188303249285556,0.40358534598518875
-0.06653232087441445,-1.0507595509798038,-0.8791497427659537,0.3536156686833159
0.9049344631322425,0.1513185266371802,0.38705713045410617,0.48581644090212334
1.342743412555486,0.7231308238308845,0.7021773660028762,0.008683844345177162
-0.0886218219698619,0.27850946385701414,1.6039081903847137,0.9996904708912777
-1.0985841334069584,-0.6770332013465797,-0.40027842003810754,-0.5680718547251338
-5.177887108969663e-05,0.019249584411639667,-0.8387544732882162,-2.447091790397443
0.01320638002411507,-0.358127576916203,0.3330812227374354,0.009821189788526597
1.0652811945694087,0.9900219107940137,-0.9499448664563049,-1.0976826784423606
1.0392340259705275,0.6189333012309545,-0.1933381058073002,-1.9841576450638072
0.6214470309448118,-1.5190357826407175,-0.3479304972541062,-0.9553845041167731
0.6178277659575642,-1.9960709581127412,-0.10129925854963258,-1.111483799459689
-0.6193380111421862,-1.3407884904193708,0.25944217402716924,-0.9522750113502456
0.7558032636820766,0.2387969378730853,-1.3327252957047153,0.8696013672233835
1.4046082695707556,0.8428879245233065,0.5900807056320438,0.8978728021063546
-0.487103042897455,-0.593358746040351,0.035535793800622634,0.34547039098802684
1.1386316653892414,-0.9050730159221185,1.0407295323102652,-0.6129623812039464
1.5538044668118274,-0.27429399460113907,-0.7941355892406137,-0.873407215118666
0.2119100003426008,-2.493828835429441,2.409400053929923,0.6413675969381968
1.662801330713601,0.1540522817665812,0.8141113536375587,0.17104727818130416
0.816826655350722,0.6435323442492114,0.6060076736229134,-1.0143773841439807
-0.3199839258042411,0.8223368990500004,-0.569719309156665,1.308307627325494
-1.6232036939153047,0.79066502762849,-0.31508658950127183,-0.3922378001538506
-0.5208365358334219,0.37391184213557443,2.0414573192459256,2.114467548075044
0.35187396070297416,-0.044101642884456345,-0.6658174611354805,0.8805073334509183
-0.23793611756410782,0.08677912551549438,0.2930530840294326,-0.46986963122690095
-0.4514237938304942,2.5910946075030785,1.0611809499949814,0.5543670580771439
-0.9652640771114767,-0.2506926432520586,-0.5640961284661663,-0.20049927491752922
-0.8474026242315605,-1.019654436295154,-1.7177125300447313,2.1302401161140216
2.754807197126938,-0.8126845966987256,-0.9326012440742114,1.2853089428371225
-0.9790619525976588,0.7137361307524187,0.4450504949260564,-1.9159942903993707
1.963213461115621,0.25902924262795374,-0.8503004399775886,1.6718822839602239
1.9691128080079938,-0.021688090957756024,-0.5392719004132199,-0.11961971898752759
0.2942770380312637,-0.6306064265455493,-0.41597883668978686,-0.22892350338357534
0.8251778569389997,0.034888112090597834,0.30754112075349016,-3.3189998164337937
1.1920163250007585,1.1279975446726753,0.172963265173375,0.26567851837791484
0.3856637808596461,-1.054704905887139,1.1265482939140983,0.2930352915268229
1.1897592999649549,0.31333783478515764,1.0990758425101421,0.026856227297988217
0.9847606460466122,-0.5945553338804688,-0.034671567811721586,0.46628769749043425
0.4700664729938405,1.7062376968878152,1.8151248400345454,0.24947848767549952
-0.9570863443852206,-1.7866169427843996,-2.074987195761191,0.1917154680365942
-0.497479496635472,0.9294761937018761,1.32347895121106,0.5714165976201409
0.009895256635699403,0.6314109126667063,-1.191930725302497,-0.398990955345092
0.22584157092917626,0.642224423855724,1.604556856199268,-0.3909632154676919
-0.16310656768729356,1.034857438550962,0.9886427482639879,-0.4414311235238394
-0.1447641148272207,1.5000064507049686,-2.0140698824773073,0.4412008609757204
-0.1598552968316572,-0.35789313031539166,0.3646919111598822,-2.6263803940117203
-0.3910235215658052,-0.7182435645083046,-0.3281439980108079,2.117746706266717
0.1981589293720037,-2.7984018238772403,-0.4199257303401592,-1.236446817471541
0.8897147173697687,-0.9980366201216155,-1.7881188482616974,-0.836750107536903
-0.06625085893403862,0.03645788611314289,-0.6305882188339573,1.4903061110235842
-1.6760818922563179,0.8558317719211856,-0.47432031199699365,-1.0858609718758223
0.9272471945730015,-0.4817906027039197,0.7366011519790832,0.15787025367785348
-0.8463613230246532,0.07715985078125313,0.7009751963391347,0.4917484890721318
-1.2757018917277618,-0.26465920599214326,0.19657508405175692,0.8164298549931956
0.09249181471170531,0.6550015600359056,0.27118578461608206,0.9041488219827093
-1.5945681815510282,2.2319927822597116,-2.210753152514386,0.30907009647123856
-1.0346986832762735,-0.33526104119553213,-0.004683742600969857,0.9816632181142321
0.9778692053658214,-0.8221191903322486,-0.28213243503403634,-0.18686647163875986
-1.0513586232824181,0.0302668719882142,1.289961021029946,-0.250090381515692
0.9133717183555266,-1.1813181294667934,1.3167470013079667,-0.9168771320581178
-0.013747287830875888,0.017218679188702773,1.4993471321650766,0.5080181041225317
0.18931116684701732,-0.09355415421001305,-2.568310324553018,-0.8632329260066018
1.5647867574025995,-0.19461746774294902,-0.6581545877320739,1.1992119671862527
0.7203212523892161,1.1177543436881896,-1.3554736515703874,0.06085870486567886
1.6541693915916569,-0.5393500425918994,-0.5264736651201132,-0.6350517531938512
-1.243032940642448,0.7430918105418474,-0.8017324736855512,1.191534818431444
0.35686044061603733,-0.5509474327598678,1.3216489776252789,0.7550146418257515
0.9084562024220803,1.692820064232618,-0.13841347299616033,0.22258939347745452
-0.17822935640922155,2.1231377033625933,1.2469472181339927,0.37587831922064907
-0.37422413179052655,1.2854674388186913,0.2878163534167094,-0.9290762444965794
-0.4721861891331012,0.027933943566167595,-0.2737333727278401,-0.702235716887635
1.0432610418612065,-0.9119975055835595,-0.013598944284634306,0.4262607909806775
0.7857856134088306,-1.1010654249407887,0.0805698452852883,-0.7046034376211587
-1.4268042732898834,0.278067686836255,0.044529014269826105,-0.14114068016678671
-1.0352621001059148,0.3738304759056255,-0.22678071650624737,-0.13252953630969896
-0.20045891491319628,-0.21117408898985915,-0.8671892930631059,0.82929162812455
1.4296779815537877,-0.49378291613702724,-0.2560759388977163,0.07269629686154204
0.3229874760410041,-0.6137364582112909,-1.383801818233612,1.5336086176733563
-0.21038937229311563,1.3444559138784293,-0.2233718086775756,-1.589962175911037
-0.8532459638320472,1.6105958380348593,0.8193335072218348,-0.23967674497522015
-1.546663498128836,-0.36272635605949555,0.09102342355239235,-1.2836147653899934
1.8730142895823905,-0.37867381218397844,-0.8242152681659809,0.14086768177254705
1.4554715056087215,-0.7319375734733916,-1.1219818706049727,-1.9183706605467064
0.5383073355284049,0.6217160075240412,-0.029258648071847,0.6555638747605982
-1.2385891254755919,-1.645925749941615,-0.5115263019681038,0.6952796136130948
0.33516416095665313,-0.2348018742768072,2.2127066451340127,0.030384492081870003
0.4672412471271179,-0.8613994299660698,-0.3286046028094845,-0.5029492856162363
0.8605261587527885,1.6868315861881036,0.13493014360146657,0.045238002754172245
-0.490682944450215,1.5106541359225631,-0.35876330891307323,0.15442510564077777
1.107747282384802,-0.016834251243064306,-0.2858806044435029,0.42872241489652235
1.631215436227188,0.5036734426548156,-0.20480106573503193,-1.6685284578957056
1.0390979581400017,0.6457866928901514,-2.483138825762566,1.7675210866174236
0.2193967092198996,0.8353464748921394,0.7388585239337345,-0.17744244448238908
-1.1026933863152906,0.26298139529717984,-1.608605914771877,-0.627225290648222
-0.6752380539079413,0.8567862635772434,0.7694213683416166,0.7032056387026784
-1.1157344071682496,-0.5541065510930527,-0.5222543994942543,0.48692469805505423
-0.22048162895473028,-1.063004665828208,0.6749062155824154,-1.3984310177919836
-0.386733959862188,0.27235763662094575,-0.6494129182187545,-0.20385991098296496
-0.8545182658248763,-0.024676465354602963,2.1842226542583654,-2.7390562188847123
-1.602894420853442,-0.31291813519812284,-1.4729121821368314,0.151856659978099
-1.0000809763696512,-0.6959960034547722,-0.1321839711454028,0.2409431144947418
1.2068695053969791,1.047542937974717,0.051638415413958076,1.2683189031786912
0.3345405610917772,-0.19123977119556548,0.05560747759135676,-1.5951235384923206
-0.7679812710398816,-0.14957720873076502,0.7378529823453593,0.6321146213339592
0.768758304565207,0.6957261703862228,2.3859137217605118,1.318908581721649
0.4715852824135122,-0.07080163207889656,-2.3945793442627514,0.9062352206532475
0.152612565533877,0.4418489802783789,0.14361394359335825,-1.548740697355578
-1.1847666270762565,-1.9144341051677578,-0.8290057628841191,-0.48783421875348637
-0.2503952217687062,-1.142802057257118,-0.11505020480404751,-0.47847199722779943
2.0481792519405237,-0.43262153474824433,0.9990105661090923,0.042308574600362275
0.4482951669803622,0.1514699555550919,-2.3564798338283723,2.4829568244997895
-0.13038009745878434,-0.7658562331430716,-1.3986986724224535,0.7040121438538791
-0.1565646174862333,1.1063018625683303,-0.6527457464762842,1.3300106592838403
-0.3232423699065437,0.4537133733553939,0.9802946944156888,0.6612570785727331
-0.16980900262903975,-0.7584271620721708,1.1256440391171911,0.21581033636523916
-0.1444726951986561,0.40189457493509345,0.5207375335544363,-0.4710168369189775
0.040861589595205444,0.9006730748532032,0.3740660439817535,1.314298911700781
0.09207037751714248,0.008177908488263904,0.6870354244824525,0.26295173422362644
1.2293416550847067,-0.8942107754942337,1.4084329240521294,1.8500984745686002
1.5979596490240595,-0.981643733007147,0.41477767820353045,1.4744424631869344
0.3775996657947345,-1.3857440490955237,0.30381539199364177,-0.6305256950192525
2.3193570801835026,0.5780970003136201,-1.3306480009696997,0.06797613573621138
-2.067951265950815,-0.6525253993587762,-0.26623979191901526,0.11482584828732484
0.1392001757822332,2.8066803783492604,-0.35642256346922285,0.5224970429912976
-0.6011185631806447,1.2655128728921712,-1.2035815980882758,-1.4851318642596356
0.09748196182826256,3.2588353294166534,2.253305128641106,1.8819373517439582
-0.3523289789116136,2.12602092709952,0.1406903125633994,-1.0574045386628617
-0.9649141022662756,-1.7000685636922042,0.6623588418537224,-1.2279226859533319
-0.8909020841065893,-0.5899935889145644,-0.2850190335840499,3.4483024751080973
0.09015877173577813,0.8189869332079066,0.5621239643986937,0.7238721521792657
0.02258902718402348,-0.28273373177583777,-0.39079997286611756,0.7527969863714664
-0.44014228654945514,-0.43306416638216955,0.1723466088687789,3.146850379412619
0.22934524167411346,-1.221764837137405,-0.17517841490003952,1.5435478556940887
-1.0342604688253303,-0.5009122006219431,0.7286807027810753,0.2675758781941613
-1.023620413662519,0.8421875564096313,-0.00901249351007375,1.6992604899248278
0.07282269999176266,-0.033842882770230676,0.6888417365561462,1.0966856129626552
-1.2744391604772365,1.081605261960047,-1.384140595811308,-2.2609360230507467
-0.02768101221491021,-0.8321038515321417,-0.25591527525718566,0.10488808587293795
-0.7039135742659548,-1.1482410932203533,-0.8139452958754957,0.1388149456722812
-0.14797292972916504,-1.3347075602540692,0.635074082644883,2.19237522513867
-1.0349478136871002,-1.0700660356771856,0.29610146519538993,0.5998169881883877
0.43263920679742335,-0.6340905409978516,1.107875966337382,1.3771026498673025
-2.0517954398528775,-0.09654028083438788,-1.821907628325207,-1.8285866699126372
0.2048582580001607,1.436617465838903,0.47656456293403254,-0.48874902320914815
-0.9184715943451105,-0.7873769752826533,0.44867560602541684,-2.1454212534157677
-2.82799425986354,-0.8760446125627479,-0.025242577503562985,-1.2571650955279106
0.09984201873517563,0.5399505264537864,-1.747336510988459,-1.5485277815889882
0.45914654685819317,0.8424435736548127,0.1116109378695195,0.14016855626357022
1.2330467041629771,-0.26753460513253796,1.0777641720823226,-0.7825869206847994
-1.8081004307803283,-0.1870328792123377,-0.182539284846563,-1.217442595466704
1.635097797345745,-1.6818743463612569,-0.09062450950045575,2.2722223841345777
-0.8038221024803196,-1.5260656955185905,-0.22339687534015262,0.5109500531792519
-1.0991220735902285,1.1466075191768343,1.3709682596514545,-0.8259824520736301
-2.302208778781033,-0.4497706426190282,-1.0876438391138654,-0.6283400091693299
0.24970290490727032,0.967770871154279,0.4189023576337558,0.6182031167896251
-0.5598752942029787,-0.2513058041197025,1.6206233535532784,-0.1458001709931818
1.5588683710730042,0.10176237193486813,-0.3226613398977703,-0.39055942716325803
0.2833617331225458,-0.08372615365387807,1.3798760317590122,1.1072724254551864
0.13184647874738867,0.4389829528407852,1.753268738225471,-0.7480641690785131
-1.48795777905031,0.9290084069686811,-0.6549788502056062,-0.33807455854399293
1.3969863391319528,-0.18285609727776211,0.4104400513726464,0.8179749888485592
-0.9275401222153427,1.6790535722327848,0.36630978290839566,0.08259463086785103
-0.3401116441511539,-1.9924376869290519,-1.2461196111288415,2.501640643884182
-0.31596860584322095,-1.1537274474471615,2.185521254951515,0.20579683074201136
-0.1796390997103,-1.087596871640932,-0.46939436140860663,-1.2151297477861764
-0.8886224233487741,1.2580251947926326,0.168059870152615,-0.8238298350011931
-1.1665754626208436,0.6506710844538299,0.15864853127632,-0.7189977723411658
0.3555676963288071,-1.1952963591897832,0.03050468885004304,1.15907598262353
2.645906686353162,-0.6780193562050703,-0.7529573396450933,-0.9118522571838046
-0.32463439295534324,1.059015880935853,-1.4254683171625633,-1.6335863249101024
-0.2575917898097065,0.07704638483950428,0.2871791909118141,1.5683594682972803
1.930700229094245,-1.361717219227436,1.3892368553754308,0.20429530710121868
0.6191891392102261,-0.2681812911502481,0.6316791282411799,0.6720399016824523
-1.5777483324159494,-2.5857554415809862,-1.8349171921210223,-1.8196284221880152
0.26422985609122174,0.1101914917595176,-0.1258719785916917,0.8997261696000369
0.6479930310230902,2.5249639338474017,1.2988599018716003,-1.729626045788715
-0.06242174887809172,1.577646574746436,-0.16514570523200184,0.06492853873516002
1.9896127547369802,-0.7701444769833719,0.3964376833042375,-0.5979029855333559
-0.9362054297485751,0.16000712756314897,0.47382465277906066,0.5271076763167561
0.5879821139056053,0.5696355106455295,1.094783947561594,-0.14686243945342597
0.5267538273957613,0.022638089298670925,0.8475602758858877,-0.8174431740664792
0.3680802433442996,0.634869198261765,-2.4188583809669755,-1.7096968991141597
1.5037563745548677,-0.5046255250982974,0.5832853808875046,0.3073298740377391
0.011327645168969091,-1.1755691645423858,-0.7558426518684664,-0.23235047937083192
-0.19109944666303466,-0.1682348399975439,-0.3631586438906279,0.14442787090059733
1.1593476849492577,0.8952162862500599,0.9987645939152887,0.5222819542924207
-1.231478116380182,0.0822424758457687,0.4859839236351521,0.31743437287188897
0.8905616247802777,-0.8703986105738539,0.057292749334402024,0.14271032760199734
0.9470006295962421,-1.9888142748894895,-1.1101100833319164,1.037866674966761
1.5129544329242213,-1.1824273800811416,-0.038836131708229145,-0.6846750706340854
-0.13884682944786975,0.6471343867678631,-1.3447527254738958,0.9824160670478634
-1.322904489952042,0.3288529857273668,-0.4799110105462466,-0.22940621086183377
-1.9760206426489195,1.141091708543571,-0.10217573383479844,-0.34381225525975423
1.5654100956707664,1.7422074626885167,-1.9396395596839366,0.3600196302735756
1.7724583557546718,-0.784814443061115,-2.0310723483039825,-1.1930245557243402
-1.2250262562617003,0.06207485991727509,-1.0439215961204729,-0.7183729250092917
-0.6044385748449042,0.47410453830174953,-1.884406840928141,-1.6922373163686477
0.08015441388996292,0.4694985727956454,-2.144955074761339,-1.803035065082466
0.10673595047523489,-1.2996103912824457,-0.12035272421348593,1.0654450759745233
-0.9024859704087939,-0.039451090645434055,-0.08473507004148464,0.8499602323055729
0.6073857137656454,1.0782784290917256,1.1995614611705832,-0.03021971919485265
-0.46107627122369416,-0.22947886059119574,-0.24749983377276588,0.8115306151600284
-1.76814878301872,-2.153643745949303,-0.9032683408564711,1.5075702583536899
0.4143850828631299,-0.8426753456837167,0.26381597281905156,1.360172169157465
1.1556318967438026,-0.4374364622899061,0.4000048463773416,0.14352882803791384
0.5422317504010672,0.21266908434301288,1.0974767336464322,-0.27100630102752243
-0.08487353717245999,-0.35817839982638006,1.119066416104718,0.22926823940607652
-0.7539765423439758,-0.6470401641182681,1.657667200418084,0.47850360297306965
0.4729866753844147,-1.226394026157004,-0.7561159368035089,-1.2222660383354478
0.586700619996451,-0.05520353977355586,-1.2172493829645443,0.5377540201686904
0.21554609220504806,0.3145800107863441,0.7726426940773166,-0.8991781990399834
0.30771494206061156,0.6867842208036136,-0.4506081101818841,0.8169439434453414
0.829870885554448,0.48063420040713173,0.7097968015244632,1.4587814264284296
0.11048189782908091,1.1791251619451975,-1.1414929231132362,1.0746280456718325
-0.10735337958649585,0.9787974201084085,0.6483248986445057,-0.6400508503323209
0.2318811500038266,0.6541975383157814,0.3294719678625325,0.27494103122278085
0.5325282012184857,-1.8075483059584536,-1.4447283968104234,-0.3789670305238959
0.45414949763253015,-0.804404351691878,0.27517379981202833,-0.4918764433382515
0.8327431137476387,0.5275745152274339,-0.6005690892314707,0.44303427639981474
-0.9516079090888693,0.2733362319202197,1.3620449387389126,0.6853176116399209
1.041609971597381,2.307565674359343,0.1445019287673228,0.18528404833292952
-0.13578017707996132,0.2371859737235963,2.1622052651722767,-0.6483961771053016
-0.1446457270494897,0.10365951937413902,-0.4745282512891892,0.03580848187880855
-0.026786576065056123,0.10232134376653403,-0.128182251236984,0.8322863238781272
1.1305639828173528,0.648519043125144,0.27886982542923794,-2.719345601531355
-0.0645504237044723,0.2742097799659101,0.6911426054832328,-0.9023528674019906
-0.942253812397893,1.3756853186713134,-0.7082838762265836,1.814692553837407
0.8297576771111224,-0.49939338077473067,-0.7387293810691099,-0.6757951559820005
-0.3980174702131342,0.4877040940999552,-1.489999636149443,-1.519114792971825
-0.7678222822179824,0.7144688317662348,-0.18748272829498616,0.4559013540478248
1.8969218590393429,-0.2525178402982174,-1.2696143377046076,1.6779343245812206
-0.30209589038422846,0.11465291585015935,0.16313826560745176,0.019282181639456997
-0.9043812772158049,-1.0884143148162395,-1.031547479533853,0.5861052599196626
-0.556729746569272,-0.21143258063686293,2.0075396600562017,1.0454401042806691
1.04737579766654,0.3877717476583505,-0.15311013021075273,0.6376805953290619
0.3087054301050509,-1.875540755331851,-0.4472971519800463,-1.18392841355788
-0.6115386008939109,-0.10051120505615643,0.5186896001109044,-0.9478077675581263
0.06070827880228778,-1.1631990098587222,0.5246654772810307,-2.812109388675915
0.16010914443751187,-1.7504143887926864,0.6603122048299734,-1.5763241808196493
0.5853129881367266,0.5353081222821671,2.1444737309711708,0.3957054261522752
0.1955865677712575,0.3706103782659709,0.3746624391447833,-1.1903510682519212
-0.06650402734862455,0.19918491487592743,-1.811339604641331,1.5082795653852368
1.0033832832288305,1.0367581859389021,1.245163694280444,0.3208073625447415
-1.7604110665254782,-1.091572649689838,-0.5290011544656898,-0.5613598568014109
0.8732091917086814,-0.09056367113828097,0.5332110084348384,0.7245034917714336
-1.7115093687901637,-0.43735297556625113,-0.4872119311755177,-1.0012905038052633
0.164979653861765,-0.8122911792197374,-1.3820258189314985,-0.739548552839774
-0.32142464406133864,-1.4051859868214618,-1.0519476787235311,1.0330106405081585
0.1120377718566871,-0.5786570815884294,-0.3330952626205934,0.37332426698729815
1.4951953521223313,-1.502908392896103,1.302548595118551,1.3398895127324923
-0.8916687318703007,-0.07879527876842995,-0.9568028587535274,-0.3768239022464142
-0.03238815525024244,0.4484928767566495,0.7489916960478122,0.9471937488530223
-1.3548635791725643,1.254915987730832,-1.3430326719416044,-0.7342880730382367
-0.34946366310819804,-0.2550139848765762,0.733573774270265,-0.07661515178486897
-0.6637966022918458,0.849599297760613,-1.337611453496661,-1.1776285017139623
-1.5043595777634566,0.21499404777998077,-0.06126707105969858,0.18324260637450585
-0.5419507240323631,1.366137367535836,-0.38564767736165717,0.5277652198540626
-1.3649700654606727,-0.3826755415189198,-0.7116743500742305,-1.3876203652759826
0.7906914314680759,0.6142193286780799,-1.9329878796106874,-1.801442603462228
-0.9727764845419734,-0.8158825945364947,-0.1437028439843831,0.709905098833352
1.9648936958080006,0.5218873299933523,-0.8102536252596673,0.010788230615239374
0.9837193000420124,-0.20762080036094246,-0.3244997256584187,-0.20206719800480857
0.02618271541153559,0.915631811127751,-0.9888112462656014,-1.6573636665263496
0.008136182036132401,-1.003844840447374,-0.08766695269673057,-0.39179222827317
-0.18350035894599848,-0.36904293185613984,-0.9267299934792431,-0.3096675303561628
0.590354052600246,-0.17058663011190722,0.6822908183321829,-1.2183510000808435
-0.3609491359656179,-0.023754018265605654,1.3129549465997088,-1.5045488909728422
0.6313843703614613,-1.841001793620675,0.4119346712961298,1.3508753322563738
-1.1804651328513593,0.4547369054237103,-0.42168952707526663,0.45487652099816367
-0.46405197042684215,1.863199206258687,-0.5661562119758797,-0.7070308703241546
-0.26315713587149975,1.3449774342315175,-1.4057292669789327,0.7059107047103913
1.8429435969044483,0.610452692812956,1.0849867379621387,0.9691735520459139
0.6948716379310245,1.8939112990241174,0.11415093740806875,-1.472523814813713
1.483150485336336,0.28595483519628234,0.9143410999444641,-0.8323913434696868
-1.3392899126645599,-1.0008832452860226,-1.0008862672760905,-0.7106783398729338
-0.03862841748757953,0.7255849026336983,-1.2936357139915242,0.158980811187621
-0.6273951678609553,0.7922056652911986,-1.081237027401473,-0.17335463651635302
-0.5748531092576468,0.7514405450949162,0.08605297405737981,-1.6597455851863396
0.4270377141380523,0.35530992856256793,1.5292309602235465,-0.14800611344745582
0.24108859919908646,1.1879667112400156,-0.7092721274934098,-0.6476600681549992
-0.5177255260918762,0.15575297938690733,-0.42575977722991726,-0.46279269419436897
-0.5236009923493268,-1.6453342455117093,0.2211218273666132,-0.21405716505099665
0.7007413514042756,0.8252082452290361,-0.31033688754303407,1.6315088095550836
-1.0676294667216748,1.3657274966675244,1.8793987787720683,-0.927097843203319
0.17250157333860064,-0.0401273052781953,0.4054552434471151,0.6936616773720238
-0.497666332198219,0.06016270197371732,1.316448915390949,-0.6297400820354838
-1.5555955256117997,-2.100471913788155,-0.7579139090231106,-0.8450294303061938
0.30602255171791015,0.0026129256383252233,0.6098540317842989,0.33824772117286034
1.6745534771355355,-1.9592804867311293,0.33210169487043967,-0.6587250645342753
-0.8548783387030016,-2.518179741066616,0.8536071431769001,1.5190232960113914
2.040270073006736,0.5662792010605682,-0.02498492252029841,1.0647303368542278
0.5747595826681929,0.24098584708016604,-1.3663887911212926,-1.2631947981699871
0.5737960070992919,1.2706336919941934,-0.747283162945001,0.4683052476860474
0.2636791385360663,0.9531062659612758,-0.5551101218001576,-0.44127599317072663
0.5424429095012194,-0.5309830742725834,0.22460422211116185,0.02362987204512354
0.15065971735026945,0.17414242703860947,0.34162026159427145,0.23513953254214529
-2.0278275423748595,-2.648846969743738,-0.13245812510478025,-0.9799493247366206
-0.2018306807491865,0.041180728978092745,0.8504218346992164,-0.6499022316004851
1.014652782402484,0.4820269984040159,-1.337822496385717,0.7687012757995056
0.5802581549941737,1.2199186037247316,-0.727263344086255,1.0147782933061316
0.4369177195578022,0.44986248665703343,1.0877926385161694,-0.6425044367099775
-1.6988275961508916,-0.5098125350238675,-0.7078273642398226,-1.593511004361168
-1.6814409713037488,0.31506296262541156,-0.6694000522417537,-0.8178213091060356
0.6188139667822631,-0.5336663724055292,-1.0280824305924616,-1.718232418574797
-1.9818783955449697,0.9709886141906855,0.22811657973189106,-0.29651221549797735
0.3454626270370716,0.8597701652201617,-0.3108837115285974,-0.622724477480274
-1.0517426720146383,0.8496444243986283,-1.0437043365349952,-1.2328753762975655
0.0036267817188624855,-1.1995307563093107,-0.45829150066288643,-0.8790979552567049
2.209391042574663,0.6661870522491483,-0.16894156972458851,-0.7275813000117145
-0.4202302727751497,-1.6450648466765647,0.545987520688888,-1.5961679867863763
-0.8667624616206386,0.34808900519347263,0.22491163947659776,-0.8568090283187261
-1.5091801973614365,0.7437458691545045,0.4725831930497847,0.25834703236133505
2.0148048585508134,-0.8426690541953603,-2.5085644498888735,-0.4267945448105528
-0.697391538788721,1.6844897922940782,-1.4899229978316624,-0.10943997136116358
-1.1271473860640153,-0.4642447246147197,0.46037524470861835,-0.2511754539773323
-0.1292910270813039,2.0283920547175085,0.23994006615856076,-1.9966118054190298
-2.3737714762228217,-0.046062455468333735,-0.06697707220850486,-1.2068692685173221
-0.020442714865326655,-0.9132476248739848,-1.3811159698452962,-0.22998478428408098
2.056936955993959,0.3352636573012155,-0.6873842607855619,0.9222539121480583
-0.3918400911980685,0.20689189213034578,0.5282756519742964,-0.3635186045304733
-1.2520637445617397,-0.10016974785997117,-0.23575790429808333,-0.5201568580315222
-0.020682149783561872,0.12873512498086837,-0.8473582587670532,-0.15926594862988516
1.7663099931241308,1.3040623634617827,1.8257117409892467,0.52602355208699
0.8308276999950747,0.4069838620078919,1.047076972150319,1.358136104667452
-0.3340142432603861,0.796207879235778,-1.4147941638786994,-0.06753831767846406
-0.9193592502520405,1.6481061064820195,-0.18886803719726358,-1.005475356856823
0.6470584972464319,-1.5054930325347236,-0.5816489580288229,1.1196763745863834
0.3877558763547194,-0.3667919269292713,0.04914017398430334,0.9412456123001822
0.003843448896751665,0.13385374423924765,-0.09454219295951438,-0.7937619969121027
-0.7224630850326276,-1.46544516759689,1.4926135255660269,-0.8980573882619775
1.123169030488834,-1.534429545480525,0.6657936865527767,0.560327494580541
-1.860795881555245,1.2488258089372175,1.0755693468349248,-0.05631503080515058
-2.7148932899486007,-0.5126660817702658,-0.4160214113169676,-0.3551869670424847
-0.6189772456980212,0.7554355082049002,-0.5598238595834186,0.37895913480222987
0.669814570008665,-0.08012068786247178,0.41155898829101795,1.894371877620151
0.009413530865980662,-0.964332646221608,0.37315001317608265,-0.22328783983260483
-1.3419421735283008,-1.911165566995459,-0.17916679293211102,-2.889831685189494
0.011948527338860539,-0.33880537346198675,-0.5272375278290664,0.024734705006999036
0.39176289976912143,0.060757392319570246,-2.2462434652290417,0.9569507411409908
0.35081193665214855,-1.0308910558400504,0.7017154135986192,1.5092631688810514
1.3121221770803402,0.8991653949703728,0.3202822658028068,0.737317386725238
1.2436512313916182,1.270125491801389,-0.32523579364979166,-0.4484242711468512
0.39041877365936367,-0.6209329351326957,0.31361176480508496,0.5373463069154624
1.5626179859076528,-0.07860127601535441,-0.082219260323246,0.2944023707643199
-0.7866371824152631,1.034962521275811,0.17341990402945698,-1.3832862996158906
-0.19633970846780263,0.9859369118933771,0.00644925766292019,-0.13925905781497216
-0.10167942186036946,-0.6783202032778447,-0.5226470920928059,-0.7824437626925457
0.4856394146821544,0.2643490173300806,-0.29415619784942343,0.8623993866461608
0.3814060533226629,-1.9164616266350487,-0.06050017386479453,-0.3481178914072413
-0.5896465418143652,-0.35666542257024475,0.15047881090895776,1.0972204492084725
-1.5106043214056768,0.03591086468903153,-0.2003619747558927,0.4797901190338309
0.6532925641099068,-1.0483784036008195,0.22023357541704727,1.1307638386985066
1.641191471776227,-1.0001740643907675,-0.7181913371307937,0.43869812435077077
2.6431897641901534,0.36193792787185336,-0.42378167882207113,0.34330185530412677
0.8278738449980595,0.7445975604712755,1.3206958882664939,1.2368512287563085
1.0392145038393212,-1.156864435469811,0.6403593137845219,1.6921499696560751
-0.40732591582680794,0.544016717483476,-0.5195012063192053,-0.9497838908328652
0.19819572827011572,1.2871926861002516,-0.028167423390422778,0.570089645841653
1.5519070525530012,-0.7402607608765951,0.14993822955952907,1.397186153371636
-2.501073677579325,-0.13942419378273443,-0.08871285907185472,0.6232568716620576
1.3204232951255628,-1.4153369582134752,-1.1891054959884968,1.009898354442971
-2.46163539548305,-0.48736837751653433,0.1310044890779089,-0.5679612187567326
-0.29174800883099244,0.9103307864612549,-1.9104707963116188,-1.6970590369003524
0.08591178045201077,0.4716000370013981,-0.8504354484235133,-0.6297723467570411
-0.7479011916395656,-0.5286132005607735,1.5645769267594474,-0.38703269553403263
0.11816633591224572,0.6582490719343661,0.6517011322997571,0.13442237322001052
0.6472455718270188,-0.47320316013662606,0.844363112762209,0.5891618853105025
0.10166888240934045,1.449066641086937,-0.7930543590051183,-0.08667518444781365
1.9292433980947132,-0.30445968431366305,-0.4676588028371385,0.8789101911020489
0.4046707133566509,-0.5658699751408386,0.2765375389100921,-1.6509980320082962
0.7456203254401012,-0.3871617827888521,0.0056265424335809775,-0.9778772051123917
0.7821480780568207,-0.03263604835171127,0.4114689683199879,-0.135947068334246
0.10963501180323963,0.900066201680393,-1.846303037082459,0.2730469965291106
0.38740147690061244,-0.6304952648349069,-0.4930315563440275,-1.4344548094550529
-0.14944364184833062,1.4056477715813869,1.6868233815034321,-0.7879341913996607
-0.3515018609164009,1.335645238270103,-0.061213184048898125,-0.24687307283157456
-0.7367140563271126,-2.448212441728572,-0.17870417798816426,2.2235841094731277
0.7015087264096935,2.963022764269516,-1.9358876923622232,0.09530877469532727
0.030260732334249356,-0.9237741763857603,0.4385743490190016,-1.9265673038407196
-0.5878133673061221,-0.5877063584252326,-1.0479002214132718,-0.15517930755975715
-0.3112382089122546,-1.0999095539222337,1.6824782861056253,-0.8764598190351485
1.5081926710748925,0.068488434932036,-0.31414930612368613,-0.6662128195015837
0.12991239590722753,-0.33408529991354313,1.1278174657890954,-1.1565278938044072
0.09057018681137749,0.6271338786280771,-0.499640755652448,-1.4528781374894584
-0.8823704169867312,0.008266825865749035,0.05744247432094581,-0.8094849097486453
0.708891384261166,1.2544739629261763,0.35723126309306186,1.178084998881517
-0.9851061827633192,0.7390397113983163,-0.17927062704439403,0.5038372639045442
0.15773026620920796,-0.5763846086199738,-0.35119941496605206,0.6850842383351073
0.27991413400121884,-0.04700671001650284,-0.32902582967720106,-1.2707560796463
0.3616416488008699,2.0902262119316615,-0.02973156776640614,-0.8582364903935319
1.3445903531694707,0.9588550524148791,2.5196586515697326,-0.12103412343115046
-1.136130792418816,-0.8377074277523172,-0.1401876953649827,0.25259053706701373
1.506091834151516,-0.15502970346541822,-0.13524139780790773,-1.459508511591182
-0.9010215295125262,1.7591242615717526,-1.5959348342992095,-0.3795410596670502
-0.34376661673359965,0.37915478679804154,-0.5861653262358402,0.7463641206880609
1.8557623757431514,0.2867450382460023,0.9534811722089348,-0.4834182322012589
-1.3130016409396628,0.023312259187987325,-1.027864281233803,-0.879112919821897
-0.4818955256920059,-0.8555624917456254,1.0649368195784112,1.044393541109418
-0.7310091674757437,1.338996993477772,-0.1972889257482287,1.1942926656517152
-0.6240291078621303,-1.0981510824782668,0.9624107078946535,0.3282875663440542
-1.41519478970168,-0.4587994364694296,-2.0645161100096154,-0.9057612644783423
-0.4501632806757441,-0.5942549261603036,-0.39241201013427335,0.5514068524974782
0.1869559066852661,1.5311751964693974,-0.18522563244544746,0.7374961582552435
1.0607918784033699,1.4180516493115312,1.6921317151420594,1.2481846108476644
-0.889364822577204,0.18050886052090367,-0.24158855552755784,-0.19108884815262767
-1.3373116149158084,-2.928162938184819,0.0035797988407984677,0.03949547571318291
1.0539144647252647,-0.8469881582811516,-0.8845227829465849,0.8917778178286692
-1.717164600550574,0.5704988324962691,0.1519720935099541,-0.6204945705813584
0.3389537945561561,1.7048527507579945,-0.2791589879778869,1.6294892967710402
1.1511422523759267,-1.175662429277134,-2.048019853228459,-0.15973937294080764
-0.7806458482426203,0.39815658001095044,0.022364114966311813,-0.037784614577911914
-0.7613014784519049,0.2872965890866387,-0.10355805245029835,0.3182140051242595
-0.2408766090192891,0.6441853502403401,-1.4102511234611752,1.4406981796331908
0.5977026584763465,-0.44799309319626235,-1.0694658719527832,0.4519917741772296
-1.6378670350624729,-0.11706998745463905,2.230614130965723,-1.8712504065172542
-1.7530606414259917,-0.9172806178865365,-0.5766686328753997,0.46499663316751677
0.1352229901392967,-0.4579583460769938,-2.5772978282292702,0.02806282998609381
-0.5212623876963258,0.7328451142447568,-0.2232219875251441,-0.1582371207177246
0.25544374537967374,0.13365772778329318,-0.16942470324794778,-0.7170493829805958
1.426621552929,-1.0590122451297281,-1.3046774732318163,-0.005785263987686769
-0.05482939799785591,-2.0735289909171373,-0.14709772840190863,0.9803601688148142
0.5871306662573307,-0.9142404142508245,0.6703400457080809,-1.284679787660593
0.6160247726096316,-0.5633366266278104,-0.9503503502466512,0.29262775231652843
0.42230591235844867,-0.3737040888131907,1.5950034850744583,-0.09953157033038751
-1.1220231023560712,-0.5178175295853947,0.3954285056714488,0.21228287134103804
-1.1073804662186422,-1.9012605907039068,1.0251927586095726,-0.5011593528923841
-0.016603815912355456,-0.17848619146360642,0.16156568535360122,-0.532502621983086
0.4375910030048094,-0.06683366923657179,0.36002561801726346,0.08154522225388691
-0.38648262353122304,-0.14406324936320936,0.063332581029713,-0.32876688526175485
-0.04179920584154308,-1.6322678675766629,1.741936925605257,-0.6933828816283719
-0.9931689351570561,-0.7694167847257768,-0.6668236679916384,1.4097212522364548
-0.20807641045504802,2.5011558707302965,0.6925300017886159,1.4805155151228093
-0.02395101012385969,0.9727081416385417,-0.7277433748935422,-0.5568093112360349
-0.23676254028622878,-0.676581849037285,0.7838426700575942,-0.8126396471118983
1.3595362793317225,-0.20197991122640632,1.3473254117576954,-1.3234262465942799
0.4545597736062924,-0.5058286991123355,-0.43900879182070457,-1.0695971742638601
0.2975823441256271,1.3646950842680616,-0.12154460450621747,0.7670348675952186
-0.8365026690878584,0.2634524060324444,0.2379441278070578,-0.5877959504813487
-0.05476342226795406,1.1098136322848249,1.967829914276702,-0.44110816812180215
0.18540330528734475,-0.07372409453245915,-0.5839862480145801,0.4790891286402565
-1.3283766014276839,0.735959662941772,-0.9686348810482663,0.49045809310044824
0.2454740114903538,-0.3687237566595135,0.5468349293857832,1.3204894317641371
1.3420278429110513,-0.1647021428029187,0.5134456248990089,-0.47716153347282
-0.637163100782737,0.9649044132321274,-0.2078807422192322,-0.4135087639737469
-0.3087348067316116,-0.19771392141223718,0.6458765815808145,-0.2880119396333147
-1.7893529967121082,1.0396467245835574,0.45151058504994707,-1.5395738770740406
-0.49206885573948594,-0.38478178246286093,0.8712958252588974,0.7641210058993736
-0.8947750783671347,-1.58646090883425,0.5520781611359971,-0.8715040316627785
-0.4877326229183441,-0.40502580958460743,-0.4132114078244553,1.0150041635801976
-0.8589148017690477,-0.8210711961382041,-0.35276177878627335,-0.04115292258283743
0.5463601277143827,1.0343530124405271,2.7378164586728677,-0.397389006330205
1.3927702166510956,-0.1268278594756749,-1.0779699235420275,-0.2639777305036023
-0.21242247905585135,1.4945103344087007,-0.6830846477542191,-0.9858458278403971
-0.6768764666779665,0.4445760398388413,-1.1351046359662653,0.7984430536844203
0.3809880084910274,0.7253099094702518,0.42765239450314824,0.5645031269501951
0.20663072553892878,0.38949603603347177,-1.1239866154492306,0.45186136062524535
0.15854468270659527,-0.3349051292130631,-2.929478404796698,-0.5644496560831819
0.7132090708361765,0.5549598562026309,-1.5263293613866562,0.24597040175382415
0.17563037056851638,-1.1851119075901198,0.22304592386497596,0.04868279716833028
0.2612723453400243,0.5355069805690689,-0.21368563704706214,1.954267175347273
-1.337279845180861,0.621282624864593,-0.7625544974504886,0.04311634394313865
0.10758106822973154,0.7493172087372331,-0.20131773106690243,0.03537961166058091
-0.22049342257928714,-0.1068451417373333,-0.20340388481692181,3.435859994188609
1.4865793527291922,-0.21333072440005557,-2.096637361642526,-1.3873543540688522
-0.2390186935238935,-0.3689762519738495,1.2954447506012916,1.006948484841575
0.41144949868866854,-0.7374414102143191,1.5146733106033095,0.9997073182526716
1.4237811348465315,-0.02970775091776682,-1.203647947339643,0.06254955332929835
-0.763556593407302,0.46204217390608965,0.887058510270839,-1.5051915374719582
-0.4039101950805606,-0.5786216685231605,-0.43400824375036684,-0.05365876174563598
0.5006855344872967,-0.6312025479355506,1.0950199709469366,-0.5609920885474813
0.4599895790674098,0.34501324250110854,0.7333778845046783,-0.7609096375641121
-1.556457899541347,-1.293142480615425,0.06568180798843058,0.33696394919496075
-0.0016958112578087494,-1.1364077642497168,0.29319911196586296,-0.5488135828914066
0.3248438486306,0.5451709227751808,0.22720641835134914,0.26539086092985936
-1.633943269184474,-0.9809067313009644,-1.144033379993386,1.0131874244359727
0.8221677741012575,-2.7193665933065057,-0.8107546267138892,-0.17719731532089433
-1.6218577667678005,0.20363153196830752,0.879676386231857,-1.2082611165661306
-0.04171931362412477,-0.7003361703149595,-1.2730955770201136,-0.4351670904256507
0.4409048813771291,-0.7387014732052878,0.3270324102559241,-0.0330101605264573
0.09568194509296048,-0.22877184724702088,-0.9285564901188391,-0.23166131351220162
-1.0233207629345047,-0.5307263072017542,-0.93103208516099,0.2250603198818189
0.28311708873139835,0.8081066575258246,0.9880032712369069,-1.1619198395609465
-0.1591884568052168,-0.5204723565747331,-1.0459173444982608,1.2685731138695107
1.9540748421074021,-0.2578641351153646,-1.357742837084241,0.14549367526465465
1.6768439306429541,0.2906259140270962,-0.6753871703016794,-0.17092680131508978
1.6115939727603585,0.6313460205331657,2.0108979812910546,0.1781970087444702
-0.7578781380881617,-1.5741493021674244,-1.1224571497474656,0.6342890804359355
-0.5629038665250056,-0.0464147089435935,-0.4687549481224732,-0.7829246333434597
-1.0711983329966857,-0.10678873011593062,0.6063298668549862,-0.6476688681902966
0.22560921930584074,-0.7340029294638782,0.8182147227065626,0.7478256362113777
1.891624189352459,0.1343158166186473,-0.8278748606715476,-1.3120047219827953
-0.2844618466854476,-1.8482986215580324,-0.7869510761197706,2.5915252232122765
0.4359197668798128,0.3786633123431726,0.8172400248320338,1.1076195647221214
-0.7969494739761638,-0.1336251311097885,0.029938727643195485,-0.38054800815523476
1.7664582417206383,-1.9609314901583612,-0.14713927513471672,1.1696365131250923
-1.540895133397133,0.2802011851503752,0.521141991456405,0.7695915920101158
-0.003469460005592108,-0.008173882280970934,-0.7646171470037332,0.40959995034901314
2.4382914721191544,0.24692049631059612,-0.38559513106498844,-1.3033229487425728
-0.29523175471988505,1.5158148766464343,0.24968971313687086,-1.1271198278906422
0.49257524911891415,-0.24015094844931392,-1.1208329894332056,-0.37614336606113535
-0.9661065322533556,1.5087558835721153,-0.46608445060149983,0.7873683554023354
1.122473587944946,-0.03969978498940881,0.4148439583406389,-0.8650562250840489
1.0195102717667572,-0.21288175440898616,-1.0290090045447966,-0.5776460337195142
1.4776983870798015,1.1952944191040988,0.9678501789260466,0.6249101864146867
0.12524448946558137,0.5984772793168964,0.9181119971385138,0.3551930424250006
0.26613560712643447,0.5348304260896571,-0.7690123401074881,-2.2510665452878116
-0.19562287938989947,0.7532428047086929,0.8393369598014964,0.8667567446443037
1.4584190984171592,-0.12408887137590922,0.5335460155602768,0.05880569272655334
0.5557749495595764,0.4873470163987249,-0.08194311250197919,-0.623584373482706
-1.0427153943708722,-0.14315424876167523,-1.3178319837539578,0.9193540850192615
0.28344627738894235,-0.780057688395371,0.5544177831382046,-0.18661030398626013
-1.40170325304697,-0.7631093606580812,-0.47006022206853343,-0.17976095145992302
1.1090022485838742,-0.5380468166101721,0.03619674461069112,-2.4313378706356903
-0.19687717582208858,0.07475479925636745,0.7759313772665427,-2.05275127451556
-0.7128374745131039,-0.9289000834301689,0.25670532799317775,-1.1901822335727503
1.3178263480204462,0.9993696578239816,1.8667909944400718,-0.43121543920253946
-0.4304162849202982,-0.34630253606258005,0.3556358650212164,-1.1818997561025104
0.16845050009560764,0.2608163880851974,-0.658060783926444,0.6096554476581529
0.48004374994810023,-0.4890349045093188,-0.6499103476022458,0.8195090044620226
-0.6273298047798213,3.7180303648970408,0.569993997758039,0.2726845567362986
2.8472387773049994,1.2364868236162292,0.022683983147495094,1.2895787934069036
-0.23334329346908664,-1.6552502292890299,-0.3224962666140618,-0.5090567809310119
-1.334917165322229,-1.11301061907317,-0.2507238636312263,0.7416634829305015
0.13433239263092325,-0.1642643110944546,1.1812266711411488,-0.15581926228892065
1.7434075474677604,-1.5090705408131704,-1.0451162571843848,1.0657893027989958
0.4319703693980731,0.8107700090659941,-0.5139936580720056,-0.7168342902810593
-1.057085571498147,0.321687109768926,-0.26114784315046496,-0.7327825132146598
1.143352968480568,0.7316004332579058,0.8404038169266217,-0.2819220897239405
-1.3375152180041199,0.3957528423506561,2.1543451348064324,0.6221798755603765
1.2890740407884491,0.2625038009597094,-1.1106023723478533,-0.1452757674370049
-0.12672227156127508,1.1827678103185855,-0.809964479239913,-0.2785602862011154
-1.7708851012980993,0.8107090974364001,1.4359239244956399,2.149697863446436
-0.6504690781804019,-1.6230713208377157,-0.43766810979803633,0.8230755577726818
0.8745611455291074,1.2804379237741128,1.7590171593032535,1.5121584880264092
-1.1192244812141632,0.37891457789306826,1.307824837146817,-1.3383993883357532
-1.2329818778473562,0.9389038848015164,0.6236575539066918,0.24846563687964845
0.17552495006689608,0.37567258380878404,0.8413493447777598,-0.754303727555217
1.1193299217392723,-0.16273295968234433,-0.563751564552315,-0.8895117559398047
0.24282632571648272,0.28431276762946084,0.22895590380699998,-1.396132943798963
-0.7130044050884923,0.6833922491736146,-0.4921364794732505,2.1504525834835855
0.8324502511795789,-0.20203565616492933,1.5053168959229626,1.7201610234496854
-0.5084924142457531,-0.7332969322677573,-0.7439979376023738,2.1009481417014495
-1.5507442778864458,-0.3851107258680217,-0.6815645223130702,-0.7357995221132559
0.6783010757794504,0.20893315499667742,0.5773629859419345,-0.9177078819711748
0.9214119554281425,0.8853016471718349,0.045007179857396856,0.9009470250218495
0.07931124192915708,0.18436879125752778,-0.9455641466638994,1.6215593511710495
-1.0566427054547005,0.7283466468920277,0.003848841244484439,-0.3927916179786374
1.038106212264606,1.718713521329414,-0.9932394120676313,-0.09550986022565199
-0.22831060378334492,0.8840565427354898,0.9659796122324269,0.04005950346185601
0.6570907357095949,0.40955242891401084,-0.5490571543826125,-0.1171085722247753
-0.8042976447830079,1.0550495542564944,0.6669495745293298,-0.5352574438975021
-0.3937157470633882,-1.3710974341649371,2.2443145456084537,-0.8248391813090499
0.5412631143067641,-0.4435597731366664,-0.4630893231925795,1.250712431217296
0.23832777086541362,0.8618864697942333,0.12120596490109854,0.6479019936874341
0.2967795753387183,0.3360166463155213,0.7563717170739177,1.4762325045568754
-0.2508283708181762,0.8665217736848675,0.12449134519263266,-0.6735634993840482
1.2193075363922237,0.5768148299264538,0.25119079605173544,-0.021892651501456813
0.5231526889524453,0.27258165280530744,0.28184510143233893,1.8142353505318425
-0.4399526622010624,2.243084919126597,1.0144408396745037,-0.35315647560881885
-0.7315114366973073,1.0079650334378896,0.3569934304239213,1.0764026724373714
-0.8912828082102042,0.0519810990601094,-0.19385927232283948,1.1281916638557528
-0.4548071441395245,-0.5140328899983445,0.22068784104125314,-2.3533116598076242
0.33531697887755485,0.7397802897432777,0.14769531919932158,-0.49624127662015244
0.2075022436143714,-0.34833843692012234,-1.3519918155006323,-0.9102201561550416
-0.28158427415183385,-0.22786529960202465,0.6070885428682997,-1.1205001894869155
-0.669037119611768,-0.10517714465736393,-1.4668293491637905,0.3810091490792154
-1.7318001524018565,-0.22461302903514982,1.6536729575608617,-0.0491754119243487
-0.7002642051420416,0.33217789188291136,-0.3649044861198843,0.36858478244667964
-1.2973824694560083,1.1420123450155406,-0.5266194654983201,-2.371394750497685
0.6340688550404805,1.077342850365923,-0.030801002368083488,-1.261064708584057
0.8771787422733315,0.5323355076460229,0.11777765808768409,-0.8111499866631512
-0.38867075260589196,-0.37105356817554935,1.4989504548890749,0.28985188452391253
0.7754616214590735,0.042864581279112184,-0.2631900543130391,0.16218293128857691
0.17479550875521918,-1.4192192990166117,-0.39399005814458377,0.14280450231812067
1.2590600851987215,-1.1536542877250726,0.9349405023901851,-0.48075085072765783
-0.21713373356822221,-0.9636702287960294,-0.654414040136393,-1.9752529024957555
0.30586368571081635,0.5041561058245773,0.25509746779533055,-0.271965971640624
-0.19621460313369085,-1.1517403181772206,0.7155447543065451,-1.1820649714931513
1.0184900075537058,0.16069626001234774,-2.4677544194557544,-0.020782963099818814
1.5660210174380182,-0.5705394959404263,-0.24047029638631467,1.0721755720307742
-0.1855681010045567,0.004856156615130895,1.2238147928448866,0.5259787325319951
-1.3729334955561794,0.7205383131290383,0.8519036935339721,-1.3357034318283312
0.26836972981646817,0.8073406288143701,-1.7164026825829695,1.3620121825967695
-0.425884552517268,-1.8654443453684084,-0.7968135648181444,0.7418408698062822
-0.7119949544421531,0.7306403941829679,1.0222005004143335,0.10100824006547594
-0.9846771238592795,0.11783836807940065,-1.1417986262624278,-1.2119919082584578
-0.7025767500771548,-1.0776619542741634,2.148603855188556,0.4078757974627159
0.3903837997070702,0.3042384010357257,0.6137599181052387,-0.29801386196639706
0.7030692243338732,-1.1587752685325063,-0.28219449165580196,0.17922422401448793
-0.039746494801272916,-0.8229114952033957,0.11512630019234926,1.276455939188199
-0.5418177105870589,-1.2751983934856543,-1.0392546220894092,-0.7597581224343174
0.1352561342872344,1.5075995005874299,-1.5842335143302735,-0.04447205481891253
0.09818548141549592,0.0373413096114965,-0.9049855395933902,0.2304885627638397
1.1983250587490968,-0.7954960216411796,-1.0308091298683006,-0.3706118507250594
-2.1910479106103367,0.4529171872985483,-0.7273365034895188,0.9105500737038795
-0.13985498537522814,0.3279905272535825,1.4397181157740981,0.6239400124044325
0.3821408740542795,-0.2951835871938384,1.4989978610870045,-0.8747401511107289
-0.9083822398826572,-0.39120520757559873,2.08061890405927,0.03270066131708657
0.8447503461720792,-0.16835158763824834,-0.6724590151863423,-1.9520621516055792
0.9443327895382503,0.5403588340979131,-1.119280722947193,0.7488682619077509
-0.8064890464807359,-1.3422499021787169,-1.3932807843255264,-0.03512950193855687
-0.13409940298422793,0.5128007573157196,1.1060682430907085,0.8941693423298758
-1.8311573125875322,0.28312775151590325,-0.7931776245035089,0.30770635365634186
-0.05317513324774161,0.870596065845404,-0.8392108824034449,-1.0833749497193854
0.18652464540839048,-0.41696401156524204,-1.8219483246785184,-0.2510822465988549
-1.217644054634555,2.2202588129366645,-1.4087178067215183,-1.8202912267745843
-0.924803185058057,-1.5294936148957248,-0.1311191087364803,-3.0384400780274605
0.6154091869549121,-1.1859943894219664,-0.7611539004000265,-0.15881624405602351
-0.0169554903571982,-0.9965462982029479,-1.4994051919555886,0.3031248984792576
0.2050031110683692,-0.3366085594484337,0.20003463522754036,-0.9716859140291406
0.24727554364942278,-0.17395304308107498,-1.0496874814896366,-1.78940469745869
-0.008514530404886563,-0.3813048461460559,-0.3289203604622129,0.8785860923965023
0.6195873532216898,0.8862668970210892,-0.15169668862161959,0.5738370155596461
-0.7484056681792416,-1.1918118233257127,2.0545565721830332,0.945972968858888
0.6130076692113591,-1.9416563524305537,0.6401838208810555,0.13368611459935828
-0.20356819480401692,0.15565448046059724,0.3085549923251074,-0.8553440949623619
-0.8255812920363618,-0.3417648796326387,-0.940465205260848,-0.15495299956881278
0.6923356668830979,1.0230281827314927,0.11214272320866424,0.789784992266959
-0.5552543876310942,-0.152264564946708,1.177829213824329,0.958780530022806
0.5300413954824224,0.4051922404460879,-1.238861621115599,-1.7150543233881521
1.7860472969768135,-0.852012458611465,-1.337451346011871,0.8019181691356548
-0.8563715596975507,0.20728190353993134,0.3616704799874864,0.7989767767670501
0.35519215913638563,-0.030152423422443897,1.2002323381129198,-0.7409350897695489
-0.2695159069999158,-0.17270154227533221,0.5030824793386074,0.2988030735452879
0.2709150110306663,1.4066981714065347,-0.8800519555646117,-0.4401585916296494
-0.06921459040462292,0.22399929880061586,-0.591610395324527,-0.6958214680479323
0.02351596102598251,-0.49688388578329673,0.9994840908573975,0.11988147025891636
-2.480884099395764,0.3529738651592781,-0.24743790592163842,-1.0275616292223626
0.7715968449777116,-0.7701615161181622,0.2257935437749006,0.5222139457519264
-0.37439343625817945,-0.6190466621057151,0.701970130271444,0.318614667581096
0.8900608080257556,0.6875099269620844,0.18032340471672864,0.516803467993612
0.6621775001094253,0.7426617098921554,-2.159404601656005,-0.5125275090525996
0.32636902649475824,0.8130676294937439,1.0364086692808938,-0.923071507538262
-1.4366144812049775,-0.161005648869707,-0.41827332993931604,0.11002120002036644
0.42720308184921274,-0.03122949966883935,0.6426749151106299,-0.5779135844672564
1.5953398365203,0.34461854803226,0.7749131810604096,-0.08477511526651589
-0.29848324359280304,1.9695303303382636,-0.4448886449075751,0.5990869640961293
-0.19616463431963785,2.0452261497229434,1.1723498266406465,-0.10094867088631745
0.576073484827415,0.09149419126504559,0.10606081236769911,-0.3814499132955243
1.2624820843421254,-0.8693946185328574,-1.2438918839961628,0.9243171307432164
-0.2540281896635374,0.7391614164022139,0.2521548811557302,0.7694200520936426
-0.7771522850937993,0.27087875065235323,-0.06088568092644566,0.21797373402649892
-1.315396869466253,0.5520838427176409,0.3282602516700998,0.3670990551608248
0.7963190356698457,0.6572636606197289,-0.16562667088180064,0.5145688060266793
1.386922031316049,0.5785840000247798,-0.32894357385802314,-1.8468177594720834
-1.535961737573441,0.4063085256758313,-0.9910209002514478,0.44815230307772874
0.278984398680684,-0.28571513643420393,-0.5162905194552927,-1.6368300555272983
-0.231834221044816,-0.2814501722567584,1.937094113182569,0.5906371932607245
0.8402027003459651,-0.20608747582366016,-0.4852879369991222,-0.16796479799088374
-0.9316790949422534,-0.11323057559719511,0.17112039956016775,0.3595912062451226
0.9055682300088409,0.2784503464051862,1.0824793137494166,0.8144764698905851
-0.5417980358794456,-0.8680646512724849,-0.055699441269750696,0.10694630698377663
1.1705264636547466,0.7387760838280166,-0.630904998432998,-0.07817355930741222
-0.683655429849926,-0.08813397752682368,0.6849453982896833,-0.7625220384320051
-0.9713030728249236,0.44740102271282733,-0.061850183274570814,0.03817530560178162
1.5057385399679912,0.24505011963444798,1.376716155142212,-0.9133241567413553
-0.20569498145902132,1.2422710822930705,0.3156314275097308,-0.5129531219428085
2.0844141860499197,-1.8065762947999804,0.9209764711434062,-1.1610392258673838
0.20881016939937228,1.1872805419849195,0.889043604540202,0.3741189940578346
0.5210547702572595,-0.603725795042073,0.7487094593918826,0.013923037361590345
1.4458975584781206,-1.1654158838437982,1.0794498760912599,-0.6427228668401811
-2.196626608863548,0.0018985015548328276,1.384500358428957,-2.7019906468813777
1.1579227220471349,-1.0762167775330225,-1.4312687327901203,-1.6473294723616618
1.3523971656892388,-1.7067688625553223,0.16855633775262943,0.4763668005858008
0.16266318511981823,-0.9215980045995587,0.5123413637563022,-0.28623133845530396
1.6030197434951683,-0.6043310609099688,0.8233945597570108,0.1328669757914803
0.7705541165883681,-0.9670780457381539,0.38528692291827066,0.3903556903861636
0.1745528870059566,-0.0833475442112269,0.5892903838848531,-1.0769509594037472
-0.09187608034460872,-0.3947254077199025,1.114594513410012,1.275996573109607
-0.16731089914599218,1.357187073225897,-0.3544986160939652,-0.5016302284748483
-1.4032240855419036,-0.3172878403351571,0.3540772223042648,-0.3016797090277403
-1.5071671880878066,0.5579825436109906,-0.5183845975793971,1.3369129403144717
0.8065817192233898,-0.8852032127364368,0.38023643791394124,1.133617386797174
1.1216362869511127,0.43534015145976923,-0.27452531340793307,-1.2114577072527295
0.7139679478400975,-0.6867735721921958,-1.4601735300911067,-0.6524316590254602
-0.5209181349355938,-0.2139000477666121,0.7260784327442246,-0.3516585321633014
0.3289555836969365,-0.7702635030680884,1.1920444147145932,-1.304903489828727
0.023139929521068865,0.6409181471047042,-1.3399092541414777,0.7615212926911917
1.2151940283515494,1.4870467025069283,-1.2321978061357817,0.22103477233439803
-0.5906420297034396,0.006567315262608226,2.3966725589155855,0.4393060494779955
1.0380837200894986,1.852415738934846,-0.09394230200338473,-0.3930669673488775
-0.7035679397544793,0.3385537004110934,-0.05519701093922698,-2.3230745317735
1.487690958997348,0.3622634856409803,-1.9904918100554827,0.045279332089210624
0.4477142974785879,-1.180444845977012,-0.43188193233849304,0.3702387030370266
-0.09820711371092357,-0.7348224886476303,-0.10126977976680225,0.537209593348351
1.7135153319527519,-0.11938572729974097,0.7547743797774202,-0.25085008174263934
0.5033908217578656,-0.20674010940009468,-0.008870039704854036,-0.05461669365610644
-0.2712299341517882,0.8317182161603146,0.7221351448001264,-1.3696292190734813
-0.726976804653091,0.3785109735738279,-0.4810628341422119,1.165534105314421
-0.3107937950500153,2.1632914831184524,-0.5217051751680769,-0.09359711552658195
-1.3146025064874673,0.7570960708212174,0.46425070405173147,0.10128363970654103
-0.2007853516968976,0.1898737548672221,0.855094592678358,0.15987139215038657
-0.8115519806242505,0.7350603891332744,0.7699891038864578,1.1110943284860408
-0.1383877959620878,-1.0796849885877204,-1.6527221988718206,-0.17223537223542792
-1.8974185109666644,-0.06812903710791379,-2.1332198983754003,2.06552171501975
-0.6329825412820783,-1.5391228032978803,-0.5977467052568913,0.20554267551050026
-0.039058132596215725,0.790053983165651,-0.566945050298004,-0.0120454122386275
1.1104816117956862,-1.0704308110821958,1.6815564482552325,-0.04689006876248746
1.3968318845117649,0.5625742133336393,-0.13334240372833936,-1.0704149432520966
0.22920593865712735,0.07766999447355677,-0.38567604953003815,-1.0157646229965198
1.3196815848142445,1.846586504683983,0.19406100032050094,0.1365321781388182
0.057949832497048805,-1.4059402348968275,1.0903301273913444,1.5240905094283936
2.41699895806906,-0.05536892571021671,1.2885441298298,0.603075213943388
-1.2176313918955333,1.341780640546642,2.1442412572921694,0.018109986130340403
0.4074730870110278,-0.7964046184242239,-0.5107209531389815,0.10916705888618426
-0.7183487521845618,-0.15287561587972973,1.1856579666659768,-1.026082866386576
-1.1820268718615727,1.9669425201922763,-0.9973691480961493,0.3244413909234728
-1.6648021615358428,0.5321817322809993,1.6630276994929911,-0.9621156325780267
-0.5293633342215258,-1.0472845330108407,-0.885574788030121,-0.9836615652680608
0.9139522082840013,0.5411118606551458,-2.208718930795131,0.9112467578050905
-1.4686850530267423,-0.5901516617144782,0.1860858407176281,-1.354100122533623
-1.3745159127944804,0.3090377500042389,-0.2234318604526908,0.5812477918124006
0.5898546327528618,-1.0725739085939339,0.3393573384789656,0.4747258304799911
1.2448852591665152,-0.5762366656180749,-0.5324819484906872,-0.402688950125161
0.3152188135229167,1.4520797351175385,0.3864375966492052,-1.6711577507931248
0.03982032204888213,0.5163640941413165,-2.095764089187007,2.056192228740956
-0.7394233996315638,1.1849676214505278,1.1108102914287894,2.263433454070988
-0.9132087159947282,0.20408423273529414,-0.6744480333684827,0.15636933622369112
1.8466457040003474,1.6240997414776026,0.1708540302784418,-1.8568994624311876
-0.6302074580736722,-0.5817803900593566,0.6636437683770635,1.1427188999216624
-0.5272974243643925,1.1599637661069888,0.30386477933734685,0.6574028657015555
-0.0825061851135068,-0.15384378455289488,-0.37662617234835843,1.8565414881466404
0.28694093420066447,-0.9673752878934141,-0.7624203294486029,0.8311045371366329
-2.1835795444627872,-0.8405258511385368,1.0172342622882564,0.13572303884961548
-1.323221104584554,-0.9533901351708366,-0.11673351748446335,2.2236726263195945
0.7777629439571,-1.0830801634626843,-0.6682128261652076,1.0032183888357584
0.6126302820436372,0.5373960121466551,0.8555103734001392,-1.4637807760080006
-0.7965839205915934,1.5442656601205877,-1.3755591499532007,0.774732944867223
-1.5810443417281277,-0.8235929520119797,1.2542143042558094,-1.7358864069588062
-1.1037557608645303,-0.3915403705189047,0.02124105632944881,-1.330148535476763
-1.1519260047968858,0.70674843616668,1.6383236430366104,0.7115827877250732
-2.030192106349546,-0.6428963632980697,0.5063244147030462,-0.5409963475185592
0.0013210348882528287,-0.19952198511764327,1.2205901171130282,0.8353440921823688
-0.7840851642972525,-0.2929933516604926,-0.7777900805126833,0.04254657546814866
-1.9605043433657088,0.37751627628643286,-1.4455193817101293,1.2867876302924157
-0.3168964829930027,0.7442342958191527,0.3648492807729937,-0.4858774814725083
2.0412259104547332,0.7477962988845754,-0.6065688902756409,-1.2038104412047093
-0.42783862231553704,0.12524117257403103,-0.6147119391819406,1.4378914165838943
0.7633319515403522,0.23543970801224032,0.1385192219744855,0.9438082302921998
-2.4488018941562038,0.5936155886334714,0.215198854426614,-0.6611391955059637
-0.108253519906749,-0.011426108216201644,-0.15939086702283617,-0.6324188709656594
-0.6465068719582373,0.5360920880737153,-1.9853286788572855,0.2552652686926732
-0.6982959443322205,-0.1840834723951926,1.2126290690200894,-0.07570390828570397
-0.9563551551715257,-0.9082924978303406,-0.2374931716536533,-0.10249834727775312
0.27648874297508036,-0.6259803143739701,0.9130878546826919,-0.2794093216632594
0.23107153892572407,0.27588080960345196,-1.3898092398744732,0.830468634770542
-0.46802867550334654,-0.6285249603120185,-0.5838830175353535,-0.3906203506899325
-0.09941895081770415,0.3873230154582064,-0.8831369172545637,0.4168833786655869
0.0781302036306599,-0.5838610498243983,0.3911704125479619,-0.5783793344984974
-1.1254082258078597,0.006514816899512736,-0.6189824040919608,0.29568401510492337
-1.027498830013049,0.6951105705114292,-0.02873058713716998,-0.517581518550014
-1.1573024899602415,-1.1874402425167236,1.5857226206201143,0.01132478195160464
1.541140690096812,1.6076286571648801,2.7082199986966042,0.831393017279982
-0.12841289690834776,-0.518597308815628,0.40973831238012776,-1.6656873623709312
-1.0448172009875074,-1.1246454378989874,0.7245839878139347,0.9788184288858192
-0.8577614135427635,0.1317595762155357,-0.37791208487460587,0.29474575122640445
0.2213828773035942,-0.04833663094868192,-1.236926437241687,-1.8418517509136512
0.5171714838743099,0.7537674381072175,1.0094129541280692,-0.24903082498573054
1.1059481413591499,0.6229920195796945,0.48202876806149914,0.6018745086057948
0.8126183780146281,-1.046238273899368,-0.3555825578961154,0.4949280824800569
0.3926334902550823,2.1116085946746175,-0.2689141751295683,0.36232071790066805
-0.5253396262097276,-0.6618623152022542,-0.2977496730195841,1.3709445898961714
0.9867491226255939,0.056712980148319825,0.8896908317513911,1.273512112717965
-1.8927935643875298,0.6491923234858882,-0.6809744670056187,-0.5782144731994487
-1.1795417653515152,-0.6430718940449501,-0.7652748257677424,-0.06470503464494215
0.5488859167266773,-0.5716918471529223,-1.215401175024508,-0.22953678694227614
0.43185811459895507,1.2444608135386785,-0.5655814314316712,-0.6691214662672205
0.06208470352097163,-0.14421320542139654,0.47448386094358297,-0.4163737172002623
0.04241076267382617,-0.701101829959344,0.3486996315390117,-0.4628494888982687
-0.6727865561652197,-2.337911388425936,-0.4127785231800353,-1.1928083704710728
-0.8112864398302605,-0.5626375654147563,-0.431534617036476,0.7880357944222818
1.159179100850365,-0.742581544739874,-0.07507851379669345,0.9538153406479044
0.472256711461513,0.9303021290778514,0.05822036506412788,1.0147362593849625
1.0146718482337358,-0.31164181782965206,-0.03146744285153749,-0.7729367874485839
-0.7615777523447363,0.8880070075336038,-1.559839633990886,0.17205599978649572
-0.10466193687476218,0.30370853820168575,-1.6335655606980337,0.2123293607914111
-1.6558778826495395,0.7026193261289772,2.0056604655067205,-0.6270870777369663
-0.09391978810299026,1.0956626385047543,0.7771426768983145,0.23129261309586985
0.6106276225223254,0.39333907594716594,-2.4688369349005717,-0.45839820815936944
0.26254991328447275,1.2394927514796183,0.17138189474095877,1.2215343167657964
0.5429737289562528,0.024189489526386516,-1.220012615815441,0.349433501136477
0.976226937456146,0.10998482289727111,0.3027676038617901,-0.22231562238565325
-1.807333298965892,-0.2790473423113119,-1.124671618865868,-0.3057855122578487
1.1734600865769882,-3.3886243483993055,-2.3333484189558544,0.9724478355368844
-0.3342211391379965,-0.3913787725656715,0.5172661212616249,0.44383851081779047
0.25027538773436736,0.04629634062606434,0.076307561761768,-1.5057419553389557
0.5617012710698623,-0.17498259201811556,0.30731857012742475,-0.8427535434165601
1.6955172135002998,0.024069978613985236,-0.1409104147151928,0.6156120565752344
-0.17377396889291213,-1.3434016184178366,-0.9460746162035532,-0.1287018982451659
-1.7131090733057714,-0.8812536904334274,0.7117267451156133,0.026843055977190857
0.8320171980401155,0.2637407683304225,-1.8785730163268852,0.3617449502093703
2.9991655777528385,1.7837189964576663,-0.8532823303417163,-0.3129219293619826
0.49995884797413853,0.032645689629274784,0.932674137179833,0.2370133241485809
1.1782506027694355,-0.4557809181983954,-0.22637980558171067,-1.481536471669413
-1.8471057576700192,0.8347813309846304,-0.5110252605665626,0.6503142919398984
1.4246734782504824,0.6486372862504848,-1.7136176003145895,-0.2994653237781208
-0.8711109577954894,0.6953001260646713,-0.015275445513681327,-0.40192643354048463
0.9215655542049593,1.5699268412583962,0.19427483378408278,-0.4756389551192867
-1.8410119146626491,0.0745372495285705,-0.27767189214905463,0.7885456980096636
0.6626525112985587,-1.1799030496401244,-1.1612254412410488,-1.1952073647737675
1.1525446488561457,-1.5394661966037277,-1.126849765715108,-1.2918507630285805
0.9208629923728039,-0.5655086844447484,-2.1162244679964712,-0.5165237645517707
1.3508023785181889,1.435260843774565,-0.3475583283059669,0.806373136964212
-0.20476338921064863,-0.043659719523065965,-1.3188684799193002,-0.4161704483571449
0.20705649369612916,0.17637517756058385,-1.050767340970956,1.251543758650041
-0.3565596282198894,-0.8509381528936242,0.8468750886458339,-0.30861964699891664
0.03659671803879015,-0.4695562759206411,-0.1767851554286375,-0.3217415153685961
-1.081938209931965,-1.2139562249404097,-1.2687791015356218,-0.7233454674927585
0.8488556659740617,-2.4899660729716278,0.40206536220863204,-1.153552322935478
-0.38566930628567647,-1.5304061822701016,0.24127784749511402,-0.5410507314173619
2.8041158120931113,-0.4169980998997899,1.0391444872821614,-1.8853700095688972
0.9877159514875569,-0.056637156665230164,0.3400306327067984,0.30793236416205794
-0.68257626191421,0.1294866326776797,0.7268093542086902,1.9355442576017234
-1.2425611469802225,2.4538678091299433,-1.6082646843663206,-0.9972912384108276
0.5177953808241793,0.2590620961721705,0.34578805740007806,-0.2437035220114892
0.24192619790927525,1.5157475733780705,-0.6602936551609284,0.046129915325723414
-0.09287202391469142,2.238169963050613,-0.9688302232294677,-1.5264528959956662
-0.9950538980101497,-0.3785136160007036,1.2682275422362366,-0.4283338971805551
-0.7461411251723434,-1.1597662581790649,0.8100349657982828,-1.004711253709443
-0.963809228833688,0.9249911469879885,-0.40016326349774467,-0.752181731536303
0.2665548911259045,-0.24669656408919496,0.49658854238024874,0.5488470211417533
1.8609335873978687,-0.4045373107726993,0.8916285797131372,-1.0608718911301045
-0.8127792661276018,0.5123977025590453,0.9382931662054736,0.6893587989388141
0.09613215629139371,-0.9759696236882223,-0.779623633671856,0.3907413331603963
0.14539311767102425,-0.35303432015919156,0.16064670107299844,-0.1505512265256394
0.9253922110873288,1.7114307011550092,-1.3851881483033783,-0.37815484743880295
2.1699382400721894,-0.42623607818654885,0.6981555966758742,-0.8051444747543568
-0.472608151515161,-0.11053989933357046,-2.4455271845796833,-1.074731365780714
0.35576172891528834,-0.13944733402490062,0.6221562256332946,-0.2833409572224508
-0.2683928538815487,-0.5404907310808412,0.7269206935286554,-0.6794822585795247
1.6225665815763906,-0.15785623263160167,0.9736085156559344,0.09738361509079607
-1.6122834924763638,-0.868080631757286,-2.2573517371513168,0.13760546867449786
-0.7755156880173469,-1.554851337538643,-0.5450388543522878,0.3775150611498776
-0.03031833245524641,0.374948915840066,-0.46398076467337224,0.5010722137947089
-0.19539383207545752,-0.05749175099002977,-0.127134892676099,0.37646703839978496
0.6146357895153294,-0.9207048924426484,0.09959733510908458,-0.9427673613444149
1.2242234645254577,-0.1031576592502625,0.12576133748661036,1.6063469829601358
0.40414222480660245,0.11237765783024782,0.16480920925451698,-1.2476723089083566
0.5319436341567244,-0.21039291962567166,0.7005969451080855,1.2291838055420103
1.084489368683981,1.5090660172204384,0.6259472850240686,0.7125452081374225
-2.180670385130081,-0.4109147290395755,0.45792003288739486,2.408336462661744
1.2079878161884785,0.4539102533225115,-1.2394382572485247,0.3950015366137908
0.047066244997180935,0.18323833746518509,-0.5514709669456032,-1.3548959462966572
-0.26515279564479255,-3.1143878045591302,0.9548566831890841,1.8283780701590304
-0.47729067146703996,0.6506590749206647,-0.6522821167612067,-0.9363356915094888
0.990104742775422,-0.0494930170239973,-1.0590142077579268,-1.6104685144871143
0.8810851112856145,-0.8766804705166698,-0.5139361417136705,-0.8979703299433468
-0.35868360621648543,-0.030554570112331786,-2.2643316198705756,-1.3686008907767437
0.013625459460995349,0.5326531950984438,0.3694152334771448,-1.7279044589261428
-0.8103581869561897,0.330988480173293,-0.07895961768738503,-0.38839691008555177
0.5618243945966467,0.1275391370611365,-2.0204033556031247,0.16944088192439088
1.1706677938340462,0.663900590013002,-0.791082667201497,0.48701221323238214
-0.46888940164014226,-0.13959965750452305,1.8812555832069062,-2.1253415272567278
1.8547880584354226,-2.1924190739724967,-0.2740820769062946,-1.0867546107028938
0.6250188622046685,1.4340746939959828,1.203717237631149,-0.18893477306741688
-1.4438927132139405,-1.2548308717484657,1.419751072852791,0.17562032381352735
0.9714856503473265,-0.1106022420975858,1.3331877539151775,-0.9440581288825814
-0.6071829238173617,2.5935369330849327,-1.0055448627969288,-1.778598874278867
-2.4478390873211726,1.9918170872837992,0.1589479997292887,0.6961876427992124
0.0009854504936373644,0.40081000620895646,1.259867191266485,0.4616707997473452
0.8916822536515572,-1.7872917665608345,-0.9470129878019228,0.43807464705080384
-0.4474809234905171,0.5531453382879672,-0.7331703666804484,0.6608210388834176
0.021641534583583904,0.3582249701777478,1.4162844158263197,-0.3613649325889349
0.3264410599554268,0.28721815608608753,-0.16383530624782539,1.4091037162800728
1.1224610092089446,-0.46076014106241664,0.8941343250527303,-0.339768404728921
-0.038676544464352154,0.1253540207816509,0.6164551226984096,0.756521961155633
0.652557151550297,-0.01900330700541164,0.13074572151231842,-1.3376401608425927
1.3529151357430658,0.28764641481987213,-0.3823118500367793,0.8276790352755992
-0.8210302472272467,0.7686476843646521,-0.17480971958011307,-1.5758079575052875
-0.2497866411303777,0.4802180325133011,-0.19960413239509,0.5288510200518062
-0.19815765045587488,0.5213337872154132,-0.1419448908322443,-1.6175315449895908
0.5976455113529296,0.3966632404689581,0.023905106539996758,-0.6876488966323634
1.1966583942862228,1.0215599032410592,0.13952487359365875,-0.25638019897126907
-1.0770501705549358,-1.0796217082765185,0.2528449630220557,-0.33399107189955457
-1.5294727819824576,-0.7270301279836099,-0.0228546294372849,-0.525386745433281
-0.21389324426362324,0.7808467407302414,-1.286936754119749,-0.5833375117760606
1.4131704715030209,-0.14530655975909085,-1.247192157044243,2.1119448035038824
-0.11923505265980032,-1.284287327887801,-0.2422580894587929,0.6656935259707703
-1.520583298978414,1.1023494047579672,-0.9382681377106251,0.9763831425516156
0.15489464166236155,-3.510595810845005,-0.5491140694575664,-0.4864435369735867
0.24692924111814601,-0.15109798967141896,0.32159265297361683,1.253817835491341
1.0705372290854978,1.4844870265854293,0.6719948812640955,0.07079970651417714
0.4699623828464917,-0.664053876876557,-1.385188402446585,0.023062989010688713
0.6100208173583854,-0.886662726122121,0.11789907785476879,1.4271580856805275
1.1338958162203818,0.24489900309576065,1.2875663248664506,0.44762256523313
0.9936223657170599,0.2032474370155622,-0.378833636987428,0.6436559761071229
-0.39820290290500565,0.06618871287261092,-0.4210134284571275,0.3927481481570763
0.3394300064005748,-0.3309111611202801,-2.4742758455136875,-0.6408328370468954
0.41380231180905064,-1.4400934868629458,-0.5458325632711638,-1.8629457934548819
1.2539949402417232,-0.529637038600813,-0.18142954276800843,0.3873910421403937
0.4821252147098581,-0.13316963860069303,-0.4861212313385724,-0.1345367440596415
-1.1038017522214443,-0.02818335056210394,-0.7447650268652506,1.7235392537356884
-0.4774750277233893,0.9987077448619547,-1.3538049889186499,0.38638759969649034
-0.4083808846774056,1.5869643903276744,0.2691483349105425,-1.402719194747987
0.33030920327489904,-1.9220633182276177,0.22942031890359102,-1.944768706116703
0.47369802003775435,-0.4527006201230832,0.5578194755270887,0.22155081362759896
-0.15194068306375635,-0.7963265428148767,2.0214778462756846,-0.9177135918635775
-0.02025697984158862,-0.24903031608160683,-0.6112653654404617,-0.05990541627528739
2.742815745861464,0.6196876659374093,-0.6472259106154569,-0.24772652294166345
0.05794137586462964,-1.150731579032965,0.09803090731819313,0.5578865881189938
-0.9808923398611838,0.7007990083953839,-0.4714371914538826,1.2206478603160082
-0.3249805144563156,0.4808399559895034,1.2956784357389657,-1.3489633034613904
-2.1040981544167097,-0.602182394127314,0.15018383460311657,0.08863093875774886
-0.49573146244486077,-1.0373130565876008,0.5422040470095362,0.2252796477905656
-1.3536461616724815,-1.8122597545009205,-1.1320138549224423,-0.9901089690515126
