A,B,C,D,E
-0.5574571227725189,0.23578855612355018,-0.6354588042595121,0.10619205084411423,0.5538136743212663
1.6101264856104327,0.037400730397203964,0.057094514290040685,-0.6855599759279373,0.7150574303009514
0.2770287980224512,-1.8047350779053417,-0.408844661165044,1.2300264807730439,-1.15726162423115
0.8773807749087786,-1.348568264813155,-0.12370098420978069,0.9752872504089728,-2.3239036518810763
-0.17236759595931728,1.1583747607100248,1.878459969987861,1.5871512976471718,-0.08813472770029437
0.45388358722869176,0.6184810348349016,-1.155628142427574,-1.188812553058071,-1.5523871812898333
-0.28070893913943734,-1.346858841550027,0.10153850635333861,0.5799275354598102,0.6263670667661466
1.472160225659328,0.4283996967279387,-0.8239064327098918,-1.1677761380800118,-0.4211447037994158
0.9081675205964197,-2.349123910571016,0.35583835198959485,0.7934427132776645,0.1918615679170858
0.33355108551368995,1.0591314049437213,0.028714289701439903,-2.0434804090617575,2.5100155720451167
1.325053412907627,-2.225403761646573,0.3051829271186954,1.3757380499202303,1.4961079539426774
0.7607398272579222,-0.2862184434743187,-0.02100313539373329,2.1369044591244033,-0.27442443903676483
-0.49371539912550166,1.8021684788236376,-0.3230761777624048,0.24791548954113027,-2.5008486672568058
-0.580239773324359,0.5022993823337489,0.09088658192779446,0.9152690620177723,2.44854400653261
-0.16808355475085307,-0.376554022789068,0.6127370653648749,0.04737189538738955,-0.10685446145917789
-0.2924885889390186,1.3187802164898401,0.4044273593654471,0.29869043166361725,-1.8408232884965798
1.4220050350543736,-0.3580789467191268,-0.7071853731668533,0.8280337731548298,-1.57917384167515
-0.04416501585147671,-0.6208018987621807,-1.2719272416130318,-0.4902489820886636,-0.3169627437772096
1.1074095630152527,-0.24865720271224812,-1.5720092997895196,-0.6497306898408028,-0.5128316454019809
0.10026021469965063,0.1526014082627218,-0.005164797807846394,1.124494306477507,-0.3858961709192176
0.30760914877914713,0.806697201670526,0.6246508122669594,-0.9217593359573961,0.6365101512257463
0.09095114608376899,-0.14149785606753867,-0.940096276561003,-0.40606910701854193,0.27332815730178994
-0.6697078146077836,1.0912173947774946,1.7498187663485636,0.35152412223988155,-0.3307217637101131
0.470476090982772,-0.0681077370257982,0.5875701885508289,1.4185976570611152,0.6979934552071133
-0.14595534272037558,0.17688240412588876,1.3217682471308596,-1.0529571292231343,0.6490030422055065
0.7772608623491242,0.5799116520669892,-0.07725245087055592,-2.256196368602821,-0.5298248518998394
-0.4564338618527699,-2.3313687324654397,-0.964748395333528,-0.3822599938862288,0.9558608738012958
-0.4797129064370759,0.02226885268093076,-0.6131915910198159,1.4554243962685596,0.4375303975119624
0.17682655533915848,1.220544947174525,-0.49892984300109877,-1.7287922447823723,-0.4266179148209321
-0.9766357099287625,-0.870626177745223,0.06428376353572099,-0.08431333004565618,-1.1254205654413307
0.6718059148776829,0.4294731581008314,-0.69436916088112,0.04338831679029706,-0.6081215371331614
0.7395183401305357,0.5256427475373529,-0.34261767641280466,0.3802959687620266,-2.0353252201787533
0.15405379948787742,1.497860689576635,0.11490031881646812,0.5497191463983155,0.5767584794023911
-1.5854124225924948,1.172655303239194,-0.6890698882129849,-0.5693509264434834,0.462841360876034
-0.9592031195920093,1.2943532836884841,-1.1260015719152867,1.6797102928244603,-0.20147884938869193
0.17042498439510265,0.3623775755363733,-0.6333427383692808,0.6007456473048788,-0.24448187239364877
0.5186266235038138,-0.07666577852948361,0.7043500076881252,0.9603604148985004,0.7758607395037078
-0.30339045651497265,-0.6504931577677773,-1.3648760473589878,-0.974763124100639,-0.5615988791913266
-0.039063223203899586,-0.3551607280499063,-0.13903410584955525,0.7077097668092021,-1.8109587821336235
0.679504539342433,0.05142499045164206,0.037852960301112765,0.167267893451589,-0.6206996540306899
0.44951933688843915,1.5045538481175318,-0.5248637207518229,0.8510813984263037,-1.1531937099146043
-0.027352947946738718,0.8118793160855029,-2.63663119281918,-0.5905357078664212,0.18603630503226953
-1.0880082883536513,-1.844755311851826,1.2121810929985528,-0.2819702934869871,0.41148254518462213
0.09586709088351125,1.231147018227951,0.6213799360895648,-0.5996404163792609,0.3162335243034825
0.3932173191273098,0.9808504371402581,1.1289383326224678,-0.5989841065176905,-0.3861303744915023
0.6560456651199814,-0.8895305517995804,0.8045954278408968,-0.56222963000632,1.1665967767247414
-0.14691318858588148,-1.1572966312301078,0.27410635514183557,-0.5019863075585367,1.3567484797368694
0.7894453505027552,0.7366741856140167,-0.49087665604957403,-0.901855535245733,0.5418798012120636
0.1273327348930755,1.948377650807053,1.1946228395152227,0.26941396686208763,-0.5370059578209421
-0.7914792208810008,-0.17804715539292967,-0.12852747739980402,-0.7764383461255978,-1.2306062845589079
0.4212282753293776,1.1375288522338334,-1.0152671002495914,-0.8008299303796346,-1.303309749740019
-0.8865298558969247,0.40609206894083044,0.36179074373474146,-0.6295044871527966,-0.9209035535752672
0.9513650648012053,1.3639170849535138,-0.35046990795650934,-0.955674947768273,0.3739899877167348
1.1828958458907215,2.4297050250884937,0.6411859537438404,0.3722370490035354,-1.6741779282456863
-1.6322516028981273,-1.221746406265567,-1.1043674346127268,-1.9761905984077712,-1.2065704038171876
-0.6770218011791668,1.6011449355820566,1.5464921384382182,0.8459566582259926,-0.7501398978617395
-0.24182971177928236,-1.0211553696528497,0.7211345992399949,-1.3364924940013887,0.13705685979784527
-1.645518846247555,-0.5188715915961961,0.4474056536816062,-1.1568923420787465,-0.5548708074182368
1.1468170171996315,0.2100707692964969,0.5820010598810311,-0.09580527439551378,-1.8081854350963082
0.4472511859839766,-0.8500042298706969,0.012946067158778357,0.9743328358987035,0.6106066646323539
0.29841509654201825,0.8091742920320573,0.1449780240380571,-2.0096819267446193,0.7708497285144781
-0.7808359124506011,0.29261254232858497,-0.5887408858758971,-0.7741978893566215,0.41982872454126957
0.4703676236664896,-0.47601313400205253,-0.8031083420486028,0.9939403939261516,-0.5019434104875425
-1.887220804853204,-0.8339420443991759,0.8321712559803222,0.24906366034928834,-1.2375955159246073
1.662409041363938,0.0046758549275721685,0.24183372434088837,-0.04941104710021238,-0.4070695955792837
1.3073550109375511,-0.665261048654578,-0.7522127471815402,0.23384415101012346,0.44455937102561904
-1.6563862965777976,0.39062976039752256,-0.366141150034123,0.5366308734557573,0.3595113181047327
1.0036718840640053,-0.6288225776944575,-0.15345461082621237,-0.40715323495036937,0.5235360437305151
-0.7110747339059407,-0.12957687166893164,0.38867857720657556,0.4264707118710642,-0.7134552843063063
0.5234420229746195,1.3083701511330097,-0.28798452477211667,-1.3065849927830806,-0.7663000751443424
1.091178080271528,-1.280726430358466,1.03430897544414,-0.8903129436587098,1.0364280658043608
0.12067256542937833,1.125711994265268,-0.5586876284283584,0.8171492513875926,0.1967662819406628
0.6319455043750306,-0.6258746152519002,2.760646802992419,0.24756668748150795,0.5856233524888913
0.1507522008628145,-2.434143665857725,1.4284022374668939,-0.025221391658773403,-1.1661880682560064
-0.9084268190642113,1.2780687381996254,0.7539477333442949,0.40931830574470435,-0.9369998894339501
-0.29562014668632225,0.7092725437071526,2.5494841275783835,-0.27679037261826456,-0.8722417209777508
0.10985571183411849,-0.02102323341739975,0.6963847061715749,-0.2169664653895036,-0.7333105906707376
1.7405934917334809,-0.43412274682621416,-0.6329159306190513,1.0441103410840975,0.5236146400260298
-0.849527024636283,1.156260604369317,-1.4820164875891866,0.23429140339689422,0.5669738767859459
-0.6139365401452155,2.6972879830568863,0.25175010931417136,0.3571282312366682,1.7358800961198388
0.8404645547236118,0.9247059324594237,-0.9294348813559072,1.511989055770901,-1.9713008711993583
0.780715942831321,0.7635574850116033,0.50362432692615,-1.472367486531553,-0.09002065618684392
-0.48077597112269344,0.3775603604934784,2.5331735930992956,-0.9397693952184735,-1.493913257807602
0.530939193706375,1.2558253142030733,-0.3068000778109879,0.2733865579066701,1.3110785061096941
-1.5660744938958673,1.4940137109351237,-2.0490058409234875,2.183794554979971,-0.6468298466354188
0.28149950611381724,0.871992144235275,1.3489205910087925,0.832066753740197,0.39807707046114177
0.7007092117250764,1.4910411125756613,-0.2653243303321397,0.850007972448558,1.229391099803671
-0.5421060959139552,0.3309529507875153,0.09806249665074807,-0.0029458785299004576,-0.5995911183617404
0.43799903694051917,-0.4349604161963144,0.38737992105728186,0.4237796124657536,0.30477987252631
0.8725383897460633,0.12070119275082974,-0.6574137678708633,0.9389733099693474,-0.01832484425386713
0.2501727125911327,0.959489439856899,-0.03246180871723465,-0.896207320836784,1.3063831037863856
-1.2981459370516797,-1.2589297704425404,-0.3910325684679224,-0.24250779228902833,-0.6280627283086091
0.6643500876583783,2.856230411461127,-0.49317796748458415,-0.3050478826235581,-0.24464972599255608
0.5102810837976327,-2.1304161769518917,-0.3849209726144919,0.1484466068873989,-0.32068208712545293
-1.071241172097382,-0.5011447144022055,-0.3290321198641442,1.504441675168666,1.3435413021304556
1.089107014111021,-1.4621762118083133,1.361121479660329,-0.4523450129811845,0.28576543465025933
-0.33721398621813464,1.3105115559459022,-1.3538276103630538,0.6942809468446821,0.3071047006937685
-1.2798212905286412,1.7007855680131676,-0.4928976147585631,-0.9998825524898055,-1.1362510308996827
-0.7723524222833004,2.1108612098361044,0.9675136319499162,-1.386016143258476,-0.24592175548336148
0.43942755893576024,-2.5975524599933504,0.6842587124261356,0.37473786726574554,0.020772020531328064
0.09698496709660406,1.913423270745527,-0.5787184748638257,-0.8711306025663623,1.3220186272795262
0.7750943972416704,-0.4729297920898124,1.4112985594446201,0.6561584941122989,2.207667137695042
1.6831710144545928,1.10321991715823,1.6894776314781976,-0.16896295142729215,1.1432226462847732
-1.3687641156940986,1.5256838241933877,-0.6228523743749047,-0.036378400694190266,-0.10403068875403104
0.7622998083563434,1.8581522772559573,-0.9578791013165555,-0.4756524989282801,0.3222112445468041
0.7100886249797763,1.5438074611797812,0.11207631847726478,0.019704154958619026,0.66715549602067
1.1060675640709963,1.0159707592672838,0.12653552368386944,-0.867203737579439,-0.8994252547105895
-0.7872071343012379,0.05282417136619375,-1.667957500881066,0.04504823669370674,-2.0783318768906804
-0.8159927396864102,-0.684985805425138,-2.4905807359408296,0.7682094954309171,1.379302216941446
0.16049245541931728,0.38215498477490306,0.06007492906659756,1.3136529899827285,-0.24961524217913253
-0.06645481795740402,1.2418412510616648,0.3360583324615678,-0.20980574718294323,0.9676589631493784
-0.27107850998895144,-1.8074245858799298,0.14190640411286026,-0.1165175227949963,-0.393882461322863
-0.2727364872307978,-1.1630235369736,0.9167206031028197,-0.4804797306245054,0.18003573068659373
0.09873128269822433,2.6155437913579562,0.20936051136824713,-0.8415571221017876,-1.5961265777298144
-0.034134146654776175,-0.24037665766130872,0.30004501713414433,-2.4427233325994053,-0.3901455559556897
1.0632489808503167,-0.27985679202216796,2.061646804311101,0.4332696840082266,1.0421650952719281
-1.2434722352813792,0.35439552718415646,0.3984758244407233,0.11402881412177267,1.4133421941057567
0.6347472235952559,1.5186599116576311,0.9868890736259774,0.562565557794371,0.09397677169209818
0.2671050300461464,-0.6267136902814375,-2.7397709801038843,-0.8030426412860302,-0.19208344954418075
-1.8403140792314998,0.5310560971334864,0.6982175596754739,0.40429241824629897,1.7310963326360034
0.530376162244115,1.344989531420143,1.3357616336857447,0.3246768818251173,0.966163494200504
1.7381913638357542,0.6367138102306216,-0.3999317469484579,0.7777607924637387,-0.5010608852863353
-1.2670708367473928,0.3024320966388162,1.5002668888062265,-0.25777023126656445,1.0189656522929382
2.240416475452609,-1.6074811027764309,-0.839655131690984,0.10604663171918663,0.5021086835464573
0.7724804294893722,0.45153222316169234,-0.6844395165134433,2.7022016531867226,0.8828414129596801
-0.8645065286462783,-1.037962267250537,-1.0686091834381695,0.7014503576955342,1.4783320212925652
-0.8532054244046237,1.3633330579980742,2.048948658101498,1.627502058520044,0.29810029456119785
0.12480998302606619,1.6952722117226262,1.373637606577801,-1.5865993023930736,-0.19482813725271694
-0.9607482819210544,0.5533722796194906,-0.1319790015370406,1.5278161240732406,-0.14102759905374943
-0.4367404009607124,-1.4045994762613607,0.21141487226129843,0.30745940766944324,-0.936011608739711
-0.17599658420584907,0.7822922451478191,-0.5566870134695647,-1.2891760076814636,0.5119138031977619
-0.710561040094484,-1.1216012220663252,-0.7286643190525443,1.1331709823346279,1.2577376604612887
0.29087342836415,1.3254643835143478,-0.29895230474279,0.08943455730274116,1.8068767392103935
2.8939743954363943,-0.3572002848846378,0.6872109616024775,-0.43751359942672524,0.45869533537415635
-0.3103197400338273,-1.551824797630544,-1.4493628444092654,1.6165132038866048,0.09274598996239519
-0.8939842294142016,-0.9096041544779605,-0.7312556591959838,-0.4313132295958646,-0.03339800809090996
-1.1358627308013673,1.9088181048153547,0.9352225201042136,0.588146089047389,0.015163725827784922
0.32647941933688196,-0.5557518182361215,1.0789925275347922,-1.3463349161840403,0.603068846693987
0.9349457309851267,-0.054275958733481115,-0.041200052252933037,0.40575775411914594,0.5060837227350511
-0.5381909437706018,-0.391458232171322,-1.237326007281215,-0.9271381252592715,-0.8478719420931741
0.7013235269188771,-1.3156562260938058,-0.075076232104776,-1.1949948931261491,-1.4155310376590138
-0.8076651621768695,1.7760248390685847,-1.3685277392366832,0.9059585507015834,0.4230948606233951
0.07186262087575214,-0.4882187001241091,-1.1477646383198712,-0.6418182509045276,-0.19949554309071535
0.23473081237640522,2.1810645873269814,0.2236890834298028,0.6158393005565164,-0.04655016096597617
0.37031320111608956,1.741720828073466,0.5990418565938445,1.2225163216731605,-1.7457868575881113
-0.41105399379673135,0.5556709753200233,0.9868227696273941,-0.04568107536491984,0.5547798155160277
-0.9236902451408903,0.49896450965029565,0.5781339699675617,-0.25237861658868443,-0.8229763344693869
0.9666798669588992,-0.04271117018742233,0.09064852457735305,-0.44106779134477225,-0.9186826411420169
-1.0660442997147168,0.978151714965044,0.39796152951145103,-0.7380311743482529,-0.4019425291220019
-0.43604038015686647,1.8657300314805667,0.41513388203162055,-1.426380565348837,-1.3441178968688177
0.07484212168141308,-1.2290953861847935,1.1457301205186854,-0.47517992118947283,-0.5667217124608634
-0.5851222298982505,-0.8550192847374065,1.0692727546929433,-0.15693405838864755,-0.4647390561943312
1.7488967256226868,-1.5851753309567864,-1.0679654623322028,0.04588951603146893,0.599044119977383
-0.436877265301591,0.5266862747806871,-0.7924970297517201,0.8289439315059602,0.6957293626407849
-0.21034396267701969,-0.32237353355223825,0.026195083435812262,0.6614825334239889,1.1537547250855311
-0.018572638411846584,0.9662582348689073,1.9814021277373854,0.12489361359724223,-1.6889132689599917
0.533675900495616,0.2630214531208182,0.2873255518876247,0.8497045356685397,0.26200040298988125
-0.9126189239986463,-0.8864583889987983,0.5932650787248653,0.7021962075358998,0.8781805641046785
-1.2837991147896899,-1.1261999930712312,1.5769129466115464,0.03136260619305694,1.149436978533447
0.627241167084662,1.499068840587758,1.5115524152595468,1.07394399345805,0.2893009150506406
0.9239088404237213,-1.1675212877978731,0.13429815278771787,0.12673830768962932,1.0208513400353638
0.30356793794974607,0.3829969300838376,-1.4156015450453188,-0.5540099471468932,0.545365831455128
-1.1273825270113764,-1.1707711191933552,0.42825480293213025,1.254900441772964,-1.1484223742073605
-1.569335875778348,-0.28273862065696503,-0.5304960300820257,1.314855040436126,-1.4977455196097016
-1.1143961937987512,1.4051971282220843,0.2640289589618809,-0.2533283013163224,0.18121959968054693
0.3867143585646579,0.6020114712725131,1.3761474483421285,-0.778673163746284,-0.7442438290046777
-1.3431756232464889,0.625311106030415,1.9974892525434218,-0.1552351243841669,0.25768894583913304
0.7990773479884038,-0.16963283292600334,-1.7645877597728303,0.22510008679282845,1.3520026327005155
0.4107705937471941,-1.7722418039576349,0.6213373082314443,-0.3376087793519717,0.06394404909058293
1.0234787685499709,0.21018273472236237,-0.18929118052364585,1.336145862618276,0.26994130627246066
-0.6562491449122487,0.22892349483931987,-1.0198809185581417,-0.34146965535367696,-0.27214052216646
0.1996021920845158,0.7910595832861381,-0.5627916528823713,-0.422065485030947,1.2375932255697202
-0.5501324349802101,-0.14846396218077107,0.9279835873689656,1.0214898322185446,0.34680153958141374
-0.3364526652562189,-0.189570538100628,0.18636997357012963,0.034772796443107906,-1.3181024946057291
0.9292032422238466,-0.07565216665659098,-0.6080687175609333,0.08775795204916116,1.0961906214689008
-1.0196372631547195,0.08241961956955066,-0.3107807924365032,0.9178681240478781,-0.7707554273810656
-0.7140615514169992,0.8902416654587195,1.357092545657969,-1.7006794585859675,-0.7518174485201349
0.9821568891063112,-1.611793650228374,1.4824089638224174,0.14832107006160714,0.16087979914764855
-0.7440661806361556,0.18428643917173587,0.15204957420126178,0.8049558701229365,-1.4305653438647052
1.5834838418724315,0.01747684594689778,-0.15447598537914128,-0.0544152134707025,0.12483534547758508
-0.2692215042590499,-0.15496266315734056,0.4426816059119347,-1.5799124169603638,-0.1950505930026263
-2.0755118563500687,-0.4127606523005914,1.5719881141722656,-1.1736781639109002,1.8186431023058183
-1.5349372407777662,-0.21229641735711097,-1.1182080940315864,0.22502664589540325,1.1968828795487634
-0.23064412586761004,-0.3850527148654608,-1.4050054526018108,0.6849587531858696,-1.4270739068432499
-1.9207467367169455,1.3883125578847697,0.1011630988043915,-1.033503531729328,0.06678754249005599
1.0867395354197227,-0.8295941957760207,-0.5926735874228772,1.36892862464878,2.2466961885641394
1.1833822841831272,1.5896056414979138,-0.08629239083990188,0.8981728626891444,-0.05072186362916359
1.192032269706769,-0.5766993777577364,0.8808851916262808,0.37576894134717415,0.6239721141525952
-0.03377709396735784,-0.8669947715876896,0.04124243018528463,-1.5117865705160873,-0.9971898087186437
-0.9004219302098845,-0.5988993232350289,3.3764497092037655,0.9289584491583457,0.9908835080884453
-0.7271323815700927,0.21877842462846428,-0.14798912050792679,1.125832119081828,-0.4289180960034873
-2.2665683895232176,-0.7778016052391319,-0.3593794650487843,0.3666096713727709,-0.6038918407616429
-1.5542841885549556,1.0096684524371853,0.46480159039198754,1.1646652468366514,0.23744923960035794
-0.38918380619738274,-0.27649371844862924,0.6333950442701177,-0.40726951315502513,-0.1600780719494399
-1.0895236660582486,-0.4483839643537361,0.07664545388190272,0.4072425372923221,0.5422598248681813
0.4160887003686668,-1.0512802143790052,1.0209091209840608,0.28374775483561465,0.159593792381111
-0.020800356983184908,-0.2213672491513512,-0.6623882053841007,1.6723159970647667,-0.3484389655333689
1.3242231870621426,2.1867395164108134,-1.2491969443140396,-0.34492437105082224,0.4257682610229529
-0.21852738306817815,0.8956066299932189,0.5611520537829996,-0.6482709422185714,-1.4370741217209713
-1.0120455910575705,-0.4864940579176249,-0.8149717929814614,-1.9755650766825965,0.5881242731796874
-0.07176541670511755,0.329537917525445,-0.5632024603079102,-1.4826183633870855,0.2570232382568094
-0.43640811615988806,0.663650559856632,0.34156165881100076,-0.5361284892182557,0.9504746470873234
0.9634212820036349,-0.07829103974436513,1.1732159444045465,-0.26991248184954836,0.7372847951236702
-2.3118490291234495,-0.4094187017616121,-1.959653202678583,0.05568988314119877,1.9711444176256319
1.6030749521901495,0.6874471681629767,-1.4130394720788142,0.5411960977098379,1.1445521144851074
0.27159539471907124,-0.09020072467005648,0.4753893718463623,0.7884592745786052,0.316720314065046
0.1067603023401535,0.2630791991670702,-0.5463195485173759,1.0722020599484294,0.5839381781355658
0.14369973123844784,-0.35499494382287944,-0.9999772646851757,0.22012564158218612,-0.36617053014944473
0.32301874517083173,-0.640403081029172,-0.17408576758249175,1.3562810578264783,-1.0931262143031086
0.24833380710246988,-0.44668474963046123,0.10093115383070199,0.5409531602533345,-0.18411598402529022
-1.0182909405621545,0.23554565309550976,-0.3398823825132166,1.7200651921179084,-0.02831854370709677
-0.13527635595079573,-1.3503804272654663,0.26771013245965736,-1.8913036584928513,-0.2800046469102172
-1.0830399480288693,0.4368298144207841,-1.3589392233304867,0.29512247776015366,-2.5219974024696237
-0.21386846648858165,-0.17739393400068304,0.12672947838550297,1.4873037024411804,0.03551971786658319
0.2431302294570056,-0.08183945172400119,-0.5918621450158503,-1.756362986156604,1.7882426964444755
0.17629376450568915,-0.012897448937317377,0.4033371840192281,-0.058298472025582734,0.8817474830426809
-0.1737651933582801,-0.8242219891307391,0.4821701385761495,-0.3762180327957382,-1.3301432932082824
-0.6756919563007666,-0.9416468239505822,1.0946897861649758,-1.0318306482448494,0.9209664702134713
1.6556707718583157,1.520096040861213,-0.0023906239989993994,-0.0036068230098304566,-1.142087839460652
1.4937768758213796,-0.7940823487622005,-0.9322998341590875,1.6782423155504123,1.59275451671495
0.015706981905645324,1.1490854045746877,0.41588782730724394,-0.594656910910685,-0.12727797540880056
-1.8309700591194777,-0.03018002624619763,-0.059589838302499074,0.029858929473109294,0.9999947932566274
0.8372822688644422,-0.7158642325124314,-0.3632026306686387,-0.8985963101892042,0.026221705371393254
1.6299929836540694,-1.6730048185266868,-1.651619304279562,0.9566712009182332,-0.7444926001022865
-0.23571633097005765,-0.9910105538532946,-1.1399329409085202,-0.21527385634780488,0.5364279677193947
0.6089555061626769,-1.2835952869490166,-0.1298496596993512,-0.2536599847341461,1.1473944566310357
-1.1733256636635963,-1.011329196937412,0.6771794776077196,0.013465562192169862,-1.1849393330242084
-1.9931062432035,1.4203703806215673,0.04795952285015328,1.4445020805087605,1.5172539340790572
-1.148737544741395,-0.302808807296188,-0.6829053431016475,-0.9026294241421629,0.3575166741453011
0.4526344014812435,0.08680905253905738,-0.16005901851595822,-0.8245243961628929,-0.6281587042923517
-0.3222835259573698,-1.126687010570251,0.718609300451153,1.2405310927701467,0.6460757355466603
-0.5641433361393405,0.9418890188115209,1.5484916687993235,-0.25821850329320506,2.2598400514804364
0.31484020643313554,-1.2564333603115239,0.052188421257039395,0.40722145792167913,-0.26894260577409446
-1.4262651949644234,-0.41713288617783606,1.095540114302933,0.4934105441360368,0.06974899571787001
1.2725004270162317,0.49858361939743656,-2.9388599328395837,-0.4522560278952046,0.30396349935116834
-0.10696082988795662,1.2615511245668232,-0.31420298646720046,-2.2693689735118583,-0.5854076145841257
-1.2697787273212928,-0.1531174132345605,0.27201670614488604,0.4523242887893785,-0.7251815063580451
-0.2035403398602289,0.17818857965237508,1.0244942394479528,0.8736419085816659,1.0911552805622036
-0.392161187440398,0.2508877832421471,-0.4586272436660089,-0.09170647992050666,-0.2014343414638106
0.3457556361094006,-1.0591313634247819,-1.5328239921893136,-0.5883397839736595,0.16741137397940642
0.4582485492471244,-0.6239177274380894,1.9037101919619759,-0.38635350720592854,0.9147232072677881
-0.4916141546135836,0.5127553357686804,-0.38961471685265514,1.2153577668251165,-0.3798035674408383
1.1141192559129838,1.7755197858013334,-1.1245291893117388,0.06504580613560568,0.030864169774280952
-0.04221512332041333,0.12318680521849712,-1.3285310194490865,0.485306378432556,-1.290032086970928
0.227998006189864,0.2732194206631589,0.23088426745526805,-1.0405180747234133,1.0624897736755923
-0.7261725452108351,0.6656337656356923,-0.031475848964245164,0.3045779778623017,0.9572263651822224
-0.481592375722916,1.0653882589381904,-1.5578666649562645,-0.06373358920175914,1.2181874080525814
-1.318726765791994,-0.42514948489045823,-1.8753295139467168,2.1251945796457226,0.8507846128632024
0.9108112079523816,-0.5972467024978472,-1.1214395900828447,0.18556369789545957,0.9088490978696379
-0.1985105997333982,0.19706218729722325,-0.014065438772103719,-0.10949293580686262,-1.9391109759622593
-0.7914801622667128,-0.36227599526627946,0.06988258785033473,-0.2887967257634006,-0.2481455363886617
-0.4371116910284486,0.767493133376818,-1.5507306935486553,-1.3771473221803916,0.07429503694767221
-0.020691739544100515,-1.8393091209269152,0.2537023122039735,-0.4228313787848477,-0.4932575364045919
-0.8823735815062601,0.5013772519051498,-0.6415579852632554,0.6846370542727024,-1.5585110517599376
1.0092955771501433,-1.8440599707249579,2.266565605390583,-0.8788458440329231,-1.0954164654099856
0.40279423546735377,0.7115500411540852,0.7388935478549897,-1.1129049499694728,0.7198073364721174
0.5637413190324334,0.3603673999073606,0.10256816042396824,-1.7412518048469499,0.0456824913980297
-1.2166627183985883,-0.8450119378483789,-0.121226727798395,-0.42206547825681695,1.0843768954353254
0.5101160985706474,1.159808918927368,-1.1394373304720635,1.1021934266108697,-0.8958145151856238
-2.3147427755466405,-0.02441793116744107,-0.42459214808210516,1.5479743738612264,-1.1452687961958936
-0.15169559056753198,0.08589198889228682,-0.02772161245792711,-0.2587700578100819,-0.0056616723966569195
1.5190583125524468,2.445906782941896,0.4730152070574061,-0.13790716351485383,-1.6649628825200975
1.7545875661715242,-1.1692361447492023,0.9650430815552035,0.6639020523482628,0.16669367130529134
-1.9562069747223028,-1.4332901431396263,0.7314751979530975,-0.36308146494088717,1.7885071635701233
-1.2320917926211612,-1.332005881088145,-0.7910618514521464,0.2461760064027072,-0.5608196387584883
-1.1876198798359179,-1.016458451354846,-1.1158375200815895,-1.4349779724033758,-1.906517644289621
0.5462339190731427,1.2399398811463491,1.325664590941631,-3.1438151649967834,1.1990162215698292
0.172794588530432,-3.0242726997843428,-0.2184761183036151,0.09613038197353077,1.648563247392376
0.3115150167708829,0.4152876055725724,-0.046670468859196734,1.0600322510556692,1.749592499999924
0.2540322915700861,-0.54056298012849,1.1734416772243261,0.5486992885935513,0.397599382027554
-0.021071033495434877,0.7214875719411681,1.1429700710483581,0.07226248044181165,0.6192110610243392
0.14720964133113562,-0.7411242671862331,0.03860587155889676,0.07121705260428864,1.3092923067553808
1.5438145113711375,-0.15354383938473187,-0.09564879954231427,1.0077640245912975,1.4414358893052277
0.21452410307330047,1.5112415076876942,0.22490763577394696,-0.29091435913901775,0.9032273577074694
-1.2116740149478138,1.1601732787700376,0.7176523484768409,1.1520866642581407,-0.15061761692674172
-0.26806036651632337,-0.8757180476261225,0.08946565215541243,0.6252900010909608,-1.3483661867917278
1.056019771033014,1.5045977351555782,0.6979803133447011,1.1499974504486001,0.195552098188166
-0.1907824884721371,0.5355218366659498,1.7525154912956695,0.4953713224137372,0.7023108840399683
2.5954610014637574,-0.4421936819956891,-2.2032497666707758,1.7921319990180653,0.03346213864917772
0.6432408751340032,-0.35265303221953015,0.34290111348599805,0.2050413624952725,0.26971549883319784
0.6725139767238068,-0.01806554205986582,0.9667768630721337,1.4442455387803057,0.728568800309092
1.2309005786808114,0.1149744160962287,-1.7560532886172409,0.8088308228965632,-0.5400620006604789
-0.6177098365648397,-0.7098955223018688,0.6799904166683547,0.021548282972969714,-0.8174797287952877
0.7946882442509524,-1.4231293061014914,-0.017710933472014214,0.09275269854893077,-0.2216163432492613
0.6624018488018115,0.2774918512780048,-2.3538367412860914,-0.27392875277234413,0.42726761510536404
0.9573760869229232,0.9373219853858215,0.9169341075444642,1.8206765308979076,0.8998096053424265
-0.18568324299378494,-1.0460473968997144,0.4014826155120529,-1.3445815763430207,0.41991915560886195
-0.07304336771946462,0.3811960068082247,1.1064886477462665,0.37151526383451206,-0.8757744670368114
1.0202144614522342,-0.12900297303626346,-0.9908035969436465,0.6552332275279887,-1.7333424982111405
0.9236760083099644,1.0087059193662868,1.4199341763236224,1.6146285405964609,0.38128651327690005
0.07007236689333839,0.13712991201892044,0.9065651346760696,0.32849287400172483,1.2463651780900078
0.15805049576266592,-1.137292391767518,1.0137831915627766,-0.5754369443396832,1.3447664673954345
0.3039271129250268,0.6892814481646922,0.9695826761262051,0.37299888771177636,-0.6937074241045933
0.5235980753437149,0.21190643122985175,0.23503660640352156,-0.9738581361058097,-0.5429780877034756
-0.25502329159654485,0.7922021992111694,-0.3613522164892222,-0.5338998221607238,0.15474927310781805
1.6237565920457422,0.7761185592066535,0.37700694549825364,-1.7656327446039364,0.49806400395852096
0.6732770306677626,0.2327037423815107,0.7042299827663584,-0.22898574535834298,1.0125343027621887
-2.167445205655922,0.41296605846821116,-0.3535863543501213,0.2086062791680863,0.489482703614553
-1.6437924829255979,0.10526374876133951,-0.4691497990584131,-0.7607644071281422,0.7491204813949358
0.327361969021545,-0.23247086715715579,1.0043573745635717,-0.5198316877270838,-0.4011725166288838
0.8734683588520619,-0.6812630359927969,0.8952225310487965,-1.439833460802447,-2.104600994062308
1.4119267485424836,-1.5021197786764122,0.2634264295733819,-0.9948168898953036,-0.569012333307364
-0.5864299191205543,0.9818813633834447,0.30042507659679585,-0.469245779515395,0.7879102790691364
1.578493632567582,-0.15013395649900255,0.5637862886062053,-1.9075827071134115,-0.5410272587378521
-2.3984859433444052,-1.549384202066993,0.049104716423367396,1.0112736109158462,-0.4091341288384136
0.15791356075216828,1.0715740141893335,-1.2746884450882547,2.313754236942242,-1.2444089204633537
-0.3319953107370904,-0.12137027744148385,1.350697967468325,-1.1275410780303945,-0.8833749574642904
0.36000431862651644,1.9027440486457503,2.003174593770789,-1.4278481081459526,1.8999388667604717
1.277271372887857,0.6704836098526653,-0.46608116392571813,-1.12459220763975,0.8367238190081282
-1.7934458101320598,-0.30152499846061237,0.19920205495507598,0.5310522399766359,-0.731798256607277
1.5075455802396789,0.017116820682090753,-0.18621511721140468,-2.451112023128468,-0.38653103482653983
0.47527318665246676,-0.954072028837409,0.4516598425512838,0.6279869309995528,0.401447527038689
-0.3265853290793198,0.4870350869774906,-2.3550100242308414,-1.434276078238463,0.16850860908446177
-0.9244164523740838,-0.9004380643803039,0.9101885168066892,0.5080464312503726,1.4926572569786003
-0.028376405931111997,-1.2906688656446486,0.12958576686833911,-1.4223938075431635,0.26195684450090917
0.20614507861596973,0.7613161768883137,0.6293538757412452,0.3417100584804238,-0.5079759343194128
-1.4298773403174867,1.639737101398066,-0.032269072970499676,-0.6055079769172343,0.611180936080604
0.13327039529818685,-0.35072583629153964,0.875005534820829,1.3801800062134886,0.2015351920629896
1.2410080653470739,0.8857864418887212,0.802858864008702,0.3254667707649331,-1.4659964717895666
-1.047323622509716,1.5950171461160167,-0.012386301387324387,1.4468369243347683,-2.9660702573833273
-1.045265709293129,-1.421192120560266,0.8295802789455191,1.2178464435358085,0.47821812138722175
0.261885815750646,-1.8830432584011714,-0.7741698477550002,-0.23355827315846514,0.24428056412569896
-0.4538932861311356,-0.13464030013046988,1.2546140312663887,0.15317008177860317,0.9683006606130135
-1.2856476901096745,1.972412580857082,0.7256852324128489,0.28374409644638493,-0.17674738312742086
-0.8552110154031267,-0.6246264402148469,0.44218573557771695,-0.746837318891257,0.4118621637656862
-1.2040370037127381,0.4195530173921822,1.2389850216723168,0.13932341149385336,-0.05095710256495198
0.02625902307653598,-1.1924733380376566,-0.01879231934548832,-0.3497781712355172,1.4064975306609526
-1.8631153367449587,-0.5727807738573372,-1.026118180545586,0.4839905804743395,1.4683391493114688
-0.9817765026753635,-0.6693178321294547,-0.9995296864178093,0.855610133073028,-0.6416802003346376
-0.9437983013083447,-0.15428574794390662,-0.22433217928448265,0.8806124359395202,-0.5623701704543593
0.47905380606627695,-0.2848045538754844,-1.7103996705804554,0.39302837850152805,-0.633466299934826
-0.5412654252440137,1.6415483486472036,1.595829306441603,-1.2984185376992292,0.7262568065312807
0.7437922467896838,-0.12174361222209738,-0.41970437504822256,1.3322617812621647,-0.9470682525056983
0.12430599371990593,-2.154784755801694,-0.4196687608876626,0.04803749041900112,0.6096037713191622
1.7432684165234997,-1.136587091420562,0.6318557508396927,-0.044001775857944146,0.5122167241114102
0.7157201506959842,-0.46794153257788607,-0.5396196308262565,0.7263622714221356,0.04074702781318561
0.1856028356881555,0.7085985903691482,-0.37022091947459856,-1.116323938424445,0.788265297619504
-0.8361605734836375,0.9066968556854514,1.3206624405586942,0.5063441059679746,1.0600807511574666
0.9938599176157649,1.595804652527156,0.36858188640489403,-0.23930335542038778,-1.199362249649384
1.3575373827592228,1.800712384435988,-0.6095108075123012,1.5046477295316767,-0.5524088765165402
0.20145890652300436,0.4092383208705904,2.0101586374547007,0.31785189548452003,1.193780697235608
-0.7016106462489972,0.13407109177482443,2.0231209883476517,-1.0655698896776398,-0.31627444413500655
0.07546991339405905,-0.2690512340033022,-1.1218323736378764,0.07543756049759419,0.7476603234049753
-0.358129585454976,-1.512835735004377,-0.2449925158422528,0.811307371861073,0.5692434950991776
0.8469455397577361,-0.9195707132682114,0.36505898641472306,-0.3452141148266048,-0.27699607431224565
0.48958809027204286,-0.32530045887620523,0.16812943067542083,-0.5418438270935073,-2.558194223787331
-1.544095189249256,-0.46107511397411416,-0.44972283634105736,-1.174348121509434,0.765564429773481
0.03454156121565915,-1.3845030648276906,1.4793761345181375,0.2676472458500637,-1.5947649989923887
-0.9962006857906076,-1.0576115051329071,0.04730660128905671,-1.9706497555436786,1.0902344625852047
0.7481498433744985,0.6964112182913051,-0.3167045906279619,0.5233822718885314,0.5597779996576502
-0.6672604237006982,-0.09673667038220136,1.056964083985154,-2.428954766060269,-0.2214070073414786
0.9714078968464043,-0.21672672438913895,1.6856410058787072,-1.1070999133579755,-1.7885509135884754
0.7385323342985424,-0.37107355743658316,0.12244953718086225,-0.32660868597461296,-1.5929576330204684
0.07803433569770851,0.7145125930539247,0.6454151753830698,-0.5640712604491486,-0.984451304006201
-0.6828488670632837,0.6647566643862,0.9437932599612614,-0.7836415315501435,-0.5288932647028858
-0.6063597958785731,0.161858359478644,-0.047239709323313936,-0.08741232275136501,0.37203535117796843
-0.04628076066976903,-2.5731327182729267,0.0009166922442409697,-0.1780432863410349,1.307711063119321
1.2164455283600313,1.3617405905989668,-0.24078027451511524,0.30213211447804095,0.6440209840208112
-0.667380620575357,0.7103526929988337,-1.393076897249032,0.08703591836926423,-1.2524174133726993
-1.0282731967138876,-0.4923556436609878,-1.5637382950920158,-0.9702734285177709,-0.9138717476270608
0.3674473019523533,-0.4970825146245784,0.6945844735071405,0.28576292233322714,0.34824360019708717
-0.8970245218986957,-1.0319428859003754,-0.7298273447903199,-0.1911995768361811,-1.9362623572410738
0.8876999821748854,-1.9284005123312302,-0.7075373333948498,1.4743689032453433,0.39527639245513635
0.5765894805447725,2.071541384791614,0.12800222831105634,-0.2308906702178304,1.536862565150914
0.7960607022346011,-0.31087169787050456,0.42909538711987383,0.8933526711346369,0.8632035763351502
0.370228352647269,-1.6205005979918279,-0.6031604283488666,1.907510231060061,0.7805259290990826
0.5147454588596801,-1.6177324778756608,-0.1727146034932355,0.6868566803132959,0.5819679590382212
-1.175121448027302,0.3051098503398766,-0.35381572648159476,-0.4860370762298237,0.7493695387630479
1.0731377808496787,-0.08303138627187573,0.051559338153711436,-0.882489855488697,1.0943577119837655
-1.234783716891713,-0.0055375758098030956,1.4962936024526772,-0.684486032270301,0.4607783898178592
-1.1346651426397603,-1.6741486957023568,-1.4763896675938022,1.1452067379536888,-0.6020408792496545
-0.4491073274966664,-0.2247532077858445,0.0878039386167167,1.1516578263466433,-0.8115422672563982
1.1100733043845514,-0.4051204812495229,-0.49991353345315365,0.1887187878797492,1.1413917443543509
0.1917556368430394,-0.694107063848993,1.1579447582487299,0.5330597383590224,-0.029223626166315183
1.0630586335976444,0.38191852900216106,-1.5491852011958058,-0.856424326465569,-1.3356709296720166
0.21413895560873517,-0.21750793980268107,0.9210440635856776,0.20249045452703326,0.378370322679025
-0.372396228408255,-1.5005607424356464,0.36351764510371243,1.3216244337452945,0.2439631804051142
-1.1362496089181067,0.0025773255114955175,-0.8461881237651476,1.224777028814201,-0.03584728265863312
1.3530908844812888,-1.1622717936959464,-0.33793482387810886,0.6897855259827774,0.6858522718312192
-1.5181785291424668,-0.1917482283151382,0.7161531205138413,0.786224316128336,-0.731760094338021
1.5882576862152171,0.4946567550163177,0.6411398788163892,1.4498475566838838,0.9375712368841352
-0.44544909979829406,1.8602540834650225,-0.8280560911589765,0.8996267930199581,-2.026387601348637
-0.917251449096963,0.5795241773104118,-0.8065353504209553,0.07063687301140398,-1.7093158406318611
-0.4949341199966852,1.0786910423771645,1.2004815538076106,-0.4066376751283298,-0.19178837614490452
-1.5521131956762761,0.7005696343297696,0.03881465632214395,-2.3343952060690882,-1.2553013711792862
0.4238580052235112,-1.3681172477178292,0.04908047587449289,-0.6924153540055057,-0.1333982755391928
-0.9259841202899689,-1.2627317319836981,0.3161493228714217,1.1843061438694429,1.0441395088052479
0.052982581120020175,-0.2560896521507294,0.737529341282399,2.1727897139697383,-0.6855868828235157
-1.0168624720273036,-0.056584360685202034,0.23389946997542568,1.7203762749351135,0.45094252530697737
-1.621459252545507,0.23137652253144425,0.25120712644169385,-1.666025836331915,1.1750071675131446
1.1351779405881193,-3.0173601904673024,-0.002938571812288702,1.5524038616566833,1.1165827377599231
0.2721911976413208,-2.287861934724914,-0.21800741952586752,0.9021159481787696,-0.7738896217471203
0.5513126465486587,0.12842896419297392,-1.0574636394182524,-0.5384847995891752,0.1788287015192013
-0.9144061450000109,1.9756036583880188,0.28802333873495484,0.4479146956583504,2.074461622177257
0.3367414208714761,0.13871524272249627,-0.7368176027231595,1.851309889665383,-0.9880247838689518
-0.14787487470529734,-0.791788164939037,0.4076597379773592,0.24499933464032222,2.2164857893118954
-2.522090382523137,0.3391552080937817,0.1491473837807624,1.1846143745378575,-0.0742691470293254
-0.3569493238388003,-0.6595500836668089,-0.6852533730359259,-0.7254278012049663,-0.3763796017606787
-0.33995540496663285,0.1369599277858733,1.3041372777941347,-2.1727411919744837,1.5358361565456682
-0.7318579685889295,-0.35182135756279476,-0.3448667275272965,0.5193675328592412,-0.3525064566003789
0.12145963927818938,0.94022167096839,-0.3512096107223406,0.07996000373610833,0.265272415270249
0.4364438439701414,-0.05310354769266698,-0.20284123628578785,1.116907444183801,0.7456448612792869
-0.9052281818449185,-0.9135410495926413,-1.527524599129408,0.04360332554069225,-0.19523323265699552
0.29088526926752806,0.6369086360792834,0.7505653822171765,0.8003650956253918,-0.04866295908600663
1.9831490244579109,0.10283901250666111,1.512751846492817,1.2606969122919582,-0.03336922724719408
0.6413464475462745,-1.1396938268528154,0.12410780197938681,0.5410050952055621,0.7747700928753124
1.017228254942701,-0.16110534212587357,-1.264857374908029,-0.6704127536918904,0.8718656360301333
-0.14977471008838428,2.1647703592895557,2.6985836394025706,0.7946403226423117,0.4134341569016689
0.45261297572070874,-0.1553960048416482,2.561495848821667,-1.4344511163774805,0.24488652855849444
-1.0811357990801198,-1.5706328242864522,0.44405367331282675,-1.0176275299847906,0.26913823756164135
-0.8534933537443542,-0.42386937218183507,2.3737799055798403,0.26810964011323835,-1.566409963010903
1.0839428276488456,0.1835151533840232,0.7949459812084304,-0.668080040298849,-1.6054543226592417
1.9223521258055893,-0.37201328791460286,-0.923212136913519,-1.3574013239731857,0.8880754989383801
0.7206867957164702,0.9168999366676065,-1.4172583288836111,0.6154038372842907,0.1867356120274282
-0.45074331682720414,0.19222375956127696,-1.1288455336066485,1.3496937847663908,-1.5253451723454274
0.0076578092845325865,-0.33717563885676294,0.47810651399763016,1.8646598742234122,0.11550487914265554
-0.5064158887679122,-1.0508326745039611,0.5392799799418457,-0.7268341106702372,-0.09486821668558458
-1.0416125506189544,0.21701304866860863,0.8033094630380267,0.5014967622102594,0.7863834231866443
0.31971071076248114,0.8392459438594991,0.3612058874727571,0.5035271516367348,-1.6261527552048005
-1.0620405867496205,0.4624707467425172,-0.9533122393154034,-0.1494839958527295,-0.2450434291944507
0.06254476676213665,-0.49214675338673664,1.187445655474659,-0.6737631850004557,-1.5819110948660717
-0.36887416157798625,1.1415730340268393,-1.1364064898024344,0.7803942628134591,1.042444015840178
1.521704107631545,2.478852269525525,0.8618666753405126,0.40276107208055434,-1.4736684722730617
0.8513680211685475,-1.5264445091082268,0.933806522857699,-0.6177561574062036,-0.8215725819538955
-1.944568960659675,-0.9403417366533587,1.1045388398865108,-1.6889175073068334,-0.4915358691735797
0.35058071391489426,0.1002680465937832,-0.47336910157613166,0.38214329922652024,1.2714614350105196
0.8740548596300592,0.7254607443673539,0.3708623623243157,-0.8401435197737844,1.0879634325661862
0.577257831780852,-0.06851438497400983,0.7948424510933377,-1.821172076139903,-0.3056254422319296
-0.9323816734085674,-0.6330374169133741,0.8171296362301128,-0.17700763892290858,-1.0268021640455447
-0.21379862079013898,-0.7560298661844927,-0.17322233462420275,0.9235341012553455,-0.08610519735548913
0.40620032221214236,-0.2500414175075447,-0.29124296462387306,-0.24539028921179878,0.9907487465875292
0.1144872319245296,-0.9865778432893311,-0.0596973043414215,-0.7231576715273184,-0.7709236059862664
-1.112520809263904,-0.29841300195494186,-2.143974995501706,-1.029914785772518,0.6094227752611758
0.7002436293169602,-1.0950512974932172,2.2017449587400564,0.3725998556276819,1.1385669407568155
-1.015753957846589,-0.24358310812157843,-0.216225219213367,-0.25834485245635824,-0.5674516146987958
0.8464073271863038,0.6072711607076663,1.1325065362160949,1.0633581328095771,0.6478783741297729
-0.6601513830337641,2.343139042542969,0.8653753941412086,-0.7255213489940034,-0.011414878024033027
0.15805349190999218,-1.156605675480016,-1.6514398606877525,1.2773080866264601,1.171707639739325
0.5258935537581314,-1.5049675929354145,-0.38276232452389336,-0.1570840729195459,-0.018751464749077053
-2.1159128803487786,2.768317782257216,-0.20718317903700037,1.566731465213719,0.5019057944176021
0.7254151585870713,0.2706862058204947,1.3173859456895773,-0.35787744280845196,-0.4510018630137818
-0.08114475344636735,0.8391272665253712,-1.1518828624426514,-0.3480919550923802,-0.21952693552464533
0.20609055983673194,-0.7504491388654756,-0.5635069458559638,0.6926541685988431,-0.9204363546498757
-1.3663463773815654,-0.8896078288047774,-0.027485899200260403,0.021315564635915045,-0.018191960324346244
-0.23768931287179548,-0.8021924146108653,1.2443698163792942,0.18001503903685576,0.10410540910045848
1.732981380490577,-1.42728805512127,1.2923836735432421,-1.5895609707244598,1.4930803000720725
-0.3510127141217189,0.06254693790401117,0.6925401459352437,1.182130146155562,-0.6736761489709627
-1.0511748173815405,0.2707434869951209,1.5507083351151258,1.1449400679293142,-0.06642613749819247
0.7385179004672786,1.5533623215200416,-0.17929273123815914,-0.3109577458461811,0.5632738333719198
-0.047729441340301694,0.35917692305588805,-1.4563134122170367,2.414962413206906,-0.40212878377035277
-0.910163199020645,1.1504432335336399,0.49957364099508555,-0.6870801286932917,0.8351247239418884
0.7195709736741699,-0.4911865239812711,0.5160873599101466,-0.4943065737727331,-0.16504897806890223
-0.35341176044726885,0.23195180858075426,0.15880501937005248,0.08838993512836209,-0.4570459673923712
2.266072214483615,0.39222251894511356,-0.31690750643978205,0.7457922540284235,0.08886508141743585
0.5014379421298791,0.41506924485122354,-0.3308147586665862,-0.4562549337999215,-0.4649326733842421
0.7398880858226481,-0.508759190181462,-0.6980130150722761,-0.8582441397674007,0.49623078038107427
1.404329933220431,-0.9155794239179715,0.030482240723009334,-0.4337188064319508,0.38106599049140066
-2.061827846111079,1.2534655126511798,1.9063277809395405,-0.2457306089266393,-1.8583811382869717
0.4309121706463581,0.41882923745650263,0.7388851043957292,0.9235375719847119,-0.4112423400337001
-0.9477238930416233,-1.9744657123352498,-0.8453015338571861,-0.09882380110765802,-1.660335729587856
-1.6928588575765269,-0.2771839945989402,0.9693431818422303,-0.46051934888777996,1.193364470340371
0.7116693890472028,2.405292201304694,-0.09624212155057127,-0.15578168483907442,1.4581269283256233
1.143449023029519,-0.6715025798726754,-0.024909216625796083,0.0151447815127512,-0.520080132484339
-1.0259869375928041,1.460210556431453,-2.0611912530107572,-2.0022540941478963,0.45649343322166874
0.2681844031449338,0.07140397768319812,1.2450537927498189,1.7267497313570412,0.03525658701227099
0.047971883684043586,0.8159091094309555,0.01808618202083836,0.0882376154697829,0.04023760919325141
-1.9493829148992257,-0.48698277063190637,1.6280078256283317,-0.5626188754463655,-1.5738932247061037
-0.9347733030362294,-0.34900040924743936,-0.23104351898322184,-0.5856475823187075,-1.5100868020195162
0.8697075559993417,1.0764056156895683,0.028817921770205538,-1.5310806663879797,-0.465674539195735
-0.8603733144380955,0.3855093951932215,0.28739527124857756,-0.8430487906379527,0.11556712193911711
0.30606655940289956,-0.34918629512697963,0.25528671876915626,-0.4585697518415803,2.3756259750564745
-2.4282454235010484,0.9007699061380557,1.2020397780415064,0.17331659077078307,2.521274396177084
0.24612386497656064,0.7582276165127474,-0.17195091080554747,0.823390148781304,-0.2972856908343543
0.6908506099874064,-1.2945955851663185,-0.6606055122576994,2.27102694951409,0.490144372138311
2.3235451040972857,1.6447901404763614,0.7146839588099272,-1.3017597031060768,1.7282520071867487
0.8867093089213769,-0.349433755266251,-0.07393467276903037,-0.35225926905346666,0.6368221348153696
0.22812025169685388,-0.9115624068690672,-1.0151637859753897,1.1156251801355863,-0.23639866220165873
-2.500039191944051,-1.258110140879815,-0.2560591852690268,1.0889797059926545,0.22968296043050776
-0.390404037748282,-0.43972683746500907,1.283130914978355,-1.0321093594660056,-1.7547455874742257
-0.9062557053152889,-1.5893120363124513,-0.5119263726407356,0.9133897226662202,-0.7418260139845602
-0.40335801217281836,-0.49771507362382233,-0.4397253833547187,0.9619320224011715,1.3729271779014403
0.29865194846653087,-1.101994467630976,-0.39437993137990146,-0.684837912283767,0.6251105986539037
-1.8413220058611453,1.125261074393917,-0.06766091283692338,-0.5992010530959926,0.6253715811727736
1.5467311830991122,-0.7066422220201696,-1.2266183742032357,-0.5378197723936834,-0.6263904269771745
0.7877194191103869,-1.0420692655549413,-0.016606498008444937,0.4163233714370542,-0.33894641745667375
-0.1747414101528671,-0.03600897111762065,0.7803225423459548,-1.4162952458157771,1.8454173793323765
0.4350448722944233,-0.46211719127660256,-0.5167859924141841,-0.1143702620551673,0.49539551190096953
0.4813185485947148,-0.17318931575456764,0.8145988672535566,0.23420935444380198,2.3784559871203865
-0.295958287640031,0.18778131091298939,-1.2342274425320994,1.3891680820443515,1.3400048586008262
-0.2708791763972896,0.1273722440523926,-1.5575702599630699,-0.18737845608099246,0.7291942935153792
0.2078090708861292,-0.9438794570845367,1.8181512167612879,-2.5936879931744015,0.11205175443736701
1.3351973842896212,-1.385537510838272,-1.136022718065319,0.6683945816827604,-0.42108638552844724
0.3192193618332796,1.0301500663418877,-0.012426939448688383,-0.6061575814877755,-0.15947956503187796
-0.5304197412316437,0.27929302482170426,1.07344882140372,1.3385580934164498,-0.6144591350708488
-0.7877237388494751,1.6556415190123597,-1.7885572304009263,0.05617619885264937,0.551660032791891
0.5529211199959424,0.9775619248471706,-0.18181630935643966,1.359660125791797,0.2572467382185533
1.4343046616909378,-0.0719605221018181,-0.22105630699054188,0.5061197383506398,0.7605554541339749
0.2030951432162362,0.04385927266065193,-0.17770822904085443,-0.23039475228488837,-1.3756221577005021
0.8448735202552171,-0.14506970402537522,0.7625400160260617,1.217214231936674,-1.4122571779812563
0.5482829757497565,-0.546481233478976,-0.16075620383614714,-0.10424249191252237,-0.30794990770092456
1.5276975873516552,-1.3351750652252548,0.03487286218643741,-0.49884044649310527,-0.029852274128716057
-0.08653790073693769,-0.262261780164913,1.793052666508611,0.3900092793621745,-0.09627664369660914
1.7444809151194265,1.823898633208055,-0.7732993187405443,-0.24745197339916836,0.5732569556724433
0.05253909037747986,1.2272088649706778,0.5958676402523846,-0.262362411145906,-0.18817191367584402
0.8903209888005823,1.8354026852124243,0.35398660718173375,-0.17061774870329977,0.74912598329765
1.2083589575285545,1.3362220962423585,0.4458174837742542,0.13671687993255324,-1.0454136338300724
-0.8185579995133326,-0.41362268778986955,0.9466111655668233,0.14504413313717307,0.8195097215770806
-0.6618438351805177,-1.3090450419913973,0.21852833821156525,1.0122994649326924,0.9509695644002303
0.5541397569745484,-0.2976202233071311,-0.19549106105965874,-0.07660169732044059,1.1577273985222867
-0.6535563279485433,1.2250246490244856,0.5060000165932641,-1.2949351279823376,-1.5400787202373813
-1.1635617034868742,-1.0017466635889287,1.2741626485357629,1.5875806867130464,-1.9134199434028076
-0.4699827384448355,-0.14265352909656606,0.38268296510863337,-1.5828181152965681,0.2747612045106011
-0.06572176833475735,0.5250911910025426,-1.470260096481626,-1.2669532498425884,-1.0347672840273765
0.6512563048127544,-2.0023365788724203,-1.4322940394315544,1.127504987093468,-2.9919456660315946
0.6543755839969022,-0.9675089617951378,0.6916609668076512,2.1932577789286984,-0.9560563968630028
-1.9988401245092275,1.8061928598563128,-0.557622492109468,-0.6503066362647161,1.2160705430352017
0.5274978898092882,-1.3050543573430424,0.07986704792038868,-0.3949926674164477,-0.4903410944106752
0.43908660216700324,-1.059377791570764,1.509247550111177,0.8846545754574485,-1.3907434356962607
0.459447051532205,0.4981175199099439,1.1110937855247398,-0.39941956178226795,-0.431183048377843
-1.5267670374043516,-0.37494465545013606,-0.3500236343141651,1.077391598184324,1.777968045200649
0.9686103239275873,0.3709923318686429,-1.0928354906320061,-0.9086706346822415,-0.1265562575273133
0.47067692327010036,0.3455165475328963,0.641602819687813,-1.3779629222396619,0.35462705035680625
0.22221626195291808,-0.20417613143447294,0.9919712834945267,-0.9635114951809123,0.057490416743237696
1.135161071434426,0.2217827997410723,0.5082683395438559,0.5866315150680502,0.025175648393187887
0.7388702824448073,-0.08787324740841279,-0.7749220023046013,-0.43691654875931396,-0.5025055299195178
1.0785526535874355,-2.0102138041897266,0.3368701713781461,-0.4206401575530002,-1.1315068817256626
-0.11733444712421724,-0.6252810401070465,-0.6961418420841708,-1.060075537100115,0.655364438285589
-0.47093565449650837,0.28219587570926374,-1.1490145741732758,0.5883772989164598,0.287863691113926
-1.283991402978093,0.2987301999272809,1.1261468436239708,-0.49448219251189596,0.3642908819419258
0.7790753861246098,-0.02259754964885949,-0.28461674440538537,-0.1350641113329294,-0.14772065489794386
-0.5573435903070748,1.407939543083851,0.03145784154813132,0.7728475909847453,0.42244187936855937
0.05629200393361927,-0.5714324527894925,0.3133719704152689,0.4875578965395719,0.19292047326098896
0.1170829547646027,-2.6638267286663315,-1.0653341866586075,1.2805546818384241,0.6979664180071788
-0.6529083953105336,0.24974982156123404,-1.0889252773584372,0.9219418792331714,-0.7575645053284925
0.43129224627483304,1.5447075315682897,1.423562533778768,-0.32304253493494073,0.2511039958658601
-1.4932894894171729,-1.0907936756047605,0.08081829014823498,-0.40057521194397033,-0.531459901478212
-0.5287791014178209,1.282202493684516,0.28458552551668254,-0.3328976289134253,-0.41511351433616106
-0.40038769208051034,-1.1069682849400453,2.039873452113773,0.39083217165801104,-0.354468594590053
-1.152015180421292,1.3212259447625774,-0.25293468213579917,0.477018409553216,-0.33543479157417394
-2.3864136436206778,0.18848451670147007,-0.5381359704330867,-0.1470961347474425,-0.5759797116584134
-0.84429736405403,0.16188910314629987,0.3549530234025478,0.6557197493020568,0.34624943050594764
-0.7289631257860597,0.3413948402059003,-0.22722358105338314,1.6242277351161594,2.399303354788845
-0.1999245585215472,-0.8215208865508387,0.459209720234835,-0.01241565386810654,0.045584281431460864
-0.6320712953767181,-0.38550712717059493,0.12602819812104696,-1.0338071993622604,1.838411136014674
1.6143594182193135,0.17194833540454454,-0.7043010487567718,-0.12334914830292178,-0.7884773436616216
0.9427629466800922,0.3749492656502595,0.5589442203696109,-0.08931354549499214,0.05756700329609747
1.288464667292555,0.6641657190331087,1.2500227489940448,0.29029394568960837,-0.70185139626954
-0.16753812837638793,-0.9380884320596871,0.6942761462787872,-0.8737618127504669,0.9782678489058099
1.1054576124750564,-0.3772461057258179,-0.9461605103970229,1.5194295907631783,-1.1960278286325412
-1.9199625992162914,-0.3598278425267577,1.7022753291516186,0.655418117597996,-1.41360900288331
0.3389310741256657,-0.625383495303499,-0.8418995444664326,-0.15316199318069956,-0.8345505836309933
0.7242302136888162,0.6600785645104053,-0.1199925617624271,-0.8620498214678036,-1.2470241638675057
0.6556992592124593,0.05261024384626645,-0.8898984541086997,-0.835761922212611,-0.6929383279869726
-1.8194024224378442,0.2301733829226743,0.7489209140309,-2.6771974677179706,0.25356629251997126
0.8321934227904174,0.5202876119850041,-0.27347774477788067,0.8042717449597703,-0.7813154433735604
0.47619686965477065,-0.5675253344196496,0.30719077913066806,0.5363074392710729,-1.4614252353811998
2.410335737053172,-0.4651822298131366,-1.2101900807475072,0.025667272367851574,-1.7620951599540915
-1.347518929634576,1.8277411819157439,-0.3785430318340959,-0.8201775235362492,0.4792627414491049
0.7452364878086424,-0.587014938715223,-0.33379503426765744,-1.5642823233722727,1.4832051741180292
1.089086250899568,-0.7548299967194265,-1.149489945982999,1.7572288220539511,1.113539100561422
-0.5080261846417544,-0.13714554138159268,0.767751649397746,0.19156052668756618,1.1181042821393639
-0.2666160644043783,-1.2182724908831741,-0.6803768948880143,0.4771516082550774,-0.023101663759512225
1.0937280398602298,0.46709597601945463,-1.1278421222360482,0.8691009890776289,0.03950736816206007
-0.7963820863759018,0.4453103726663989,-0.18594586263452437,0.13038164881244307,0.4604751884825691
-1.0100972720514425,1.1798597554322603,0.02076924998924881,-0.28433965395693855,-0.04192413653911626
-0.801082281247321,1.41709987578351,1.2752191080238944,-0.5245930302181344,0.6768627846849872
-0.10613209680859055,0.585064552113524,1.0674396886747648,0.011014685544704427,0.26712859635425285
-1.1792438633819768,0.592539067087009,-0.36168965722307594,2.359565536153853,0.8796505744924413
1.7698163445987523,-0.7190056491213422,-0.4351145902851721,-1.6760433856190018,0.482941669619312
1.8811290307186865,-0.31460297131922516,0.3883359852900956,-0.6567654268992622,0.9023586931517352
0.35460921766958414,0.9369380278544065,-0.26509072292925945,0.3904284489272903,1.2777984931860178
-0.6573579505252601,-1.6004803908065117,0.22368196612189298,1.4295910164550525,2.3588786803028077
-1.0519654099108116,-0.32685752554487546,1.8820979327892684,0.22022960451403267,-0.7811753398824233
0.8290013139607018,0.7345217695955869,-0.21884687384546883,0.8009008508569156,1.6774801255296814
0.6242738701026445,0.13267635778640072,-1.279063158364294,0.01697587265023122,1.5782713332341407
-0.3483099135670566,-2.0421952227499065,-1.2309141546392752,-0.7607067715730527,1.1105592854620925
-0.04733065703817301,-0.14513209045014722,-1.2628092661687378,0.9397465610528505,0.14495265589329687
-0.425255801364482,-0.720062813141245,-1.0533136033036286,0.8404642658331085,1.9624106955321885
-0.8984588079756475,-0.4159060574468828,0.7727297353724212,2.4098490098486063,-0.27745066476375707
-0.10646303048568767,-2.507544192313851,-2.6853788462828954,-0.4529332601444283,0.13731344576698612
-0.61566119842734,-1.0701587272898672,0.4084087192578433,0.6281734521125063,0.4763429280413341
-0.6544134986046755,1.1347764735081647,-0.8187649221091449,0.3354162384709928,-1.5026451530467975
-0.9965142639089607,-0.5201875619537073,-1.1791807663581042,-0.1700082361362548,-0.26301803915230915
-0.3846188779751195,-1.3897230063374069,-0.13343613790078757,-0.26747290522539463,0.02592483190822567
-1.8514740974036772,0.6132522934984219,0.7754045730710558,0.23768509618679168,0.47723624444299195
-0.16513263687324906,1.280697454664141,0.6484273183419785,-1.3853837454006488,1.397020808557015
-0.34591687955137823,1.9570163546517585,-0.6770520187811817,1.2172276160586126,1.1932992461215797
1.8692853356252055,0.013120038280475718,-0.09835241943527602,2.332358279595001,0.9743645944307272
-0.06213128607416727,-0.8108325478766009,-2.0013098369076574,2.0213346290476615,0.3191693256856088
-0.45015954626595023,-2.018639464478674,-0.6751359711853334,0.3010182957667101,-0.45586802955809436
0.1818973831845911,-0.9713859319370814,-1.3907222757263769,1.19399987228828,0.6100205204459745
-0.6863873647640193,-1.099743503889078,-2.1140966610727827,0.1508542250860522,0.9795132862814975
-1.2124196368577629,-0.5727155043879761,-0.5890113433336758,-0.15015449367880074,0.7468851869156555
0.036740483837953315,1.3736973410708728,-2.4384423473793047,1.1896107531914044,-0.19246754301676544
-0.5491342587354744,0.4701146978159426,-1.0454857215632432,1.3062608046262596,-0.20059884741331518
0.3855453870282611,1.3088206673678562,-0.4051464137625615,-0.19275135192004808,1.055452736517206
0.5374291514864228,-1.9935870593259106,-0.6785354088465607,-0.7802392103305553,-0.5558514007608525
-0.41373166351488244,-0.9287492760028373,-0.6968071423103989,-0.42922421203133265,0.6991726867452122
0.16230388348625274,2.1104017884353943,0.8598193005263493,-0.09200245577050631,-1.4273949529815706
-0.18816323589586958,0.13226724668349707,0.7272898993692737,0.49449021393689824,1.6098531069510493
0.312747932983476,-1.9612936223371948,0.5712819520231825,0.5585854023724248,-0.9904791039318401
1.5871690818111026,-0.2852742666536607,-1.0367370947168482,0.6946058463503259,0.461638276047408
-2.523877118015568,1.9704197942774182,0.607550685903437,-1.3710702697697523,-0.5996702432703129
1.0609686018770055,-0.991439089786483,-1.1205869217130027,-0.8632060405460295,1.1535754375840048
0.49326780528569947,0.41016841054705694,1.318410403341889,0.5190850854340351,-1.1207207247430695
-0.10449414909323604,-0.009556827692149049,0.5982067023955825,1.5251015835923496,-0.30897807001713073
-0.31331753263337636,-1.5143171473319,-0.649823417156648,-0.8597131497654638,-1.614753818621733
1.4554366617824128,0.5718470426687826,0.02447286777536223,1.3388119497868147,-2.1687049689926714
-0.427973236270042,-0.945797834451666,0.8666041340753842,0.9140743351095285,1.1958478729905824
-0.1357060778617414,-1.128065394356859,0.3655212603474269,-0.5867126088208544,0.29211628719396543
-0.5114331184519653,0.6679232417118178,0.05356132090923513,0.5095012185923139,0.10482529182357977
-0.7175944585590417,-0.6559495309633513,0.681113593804798,0.7218856755603762,0.4967772611276863
0.36156872134068313,-0.7412619075539748,1.0378736126691932,-0.41609167701295147,-0.7567994973292423
1.4422162752182859,2.3086966307183836,0.2670801681856405,-0.18718643942660312,-0.7742476471005414
1.6114976526945761,-1.752330423825617,-1.1185058544141502,1.626390221660013,-0.06650959728821051
0.25652342794094624,0.5051104177313651,-0.6923822090134459,-0.855033752777708,1.2600827597444126
1.7090745142184673,0.21575928884154313,-0.47918040314920857,-0.44581896480881633,0.148538137583767
-0.2987400773377668,0.691738445405222,1.5588650317210961,1.8922075502899656,0.893068022025038
0.4741762220750113,-0.9547691790678775,-1.0192247114892576,-1.0781540441657593,-1.0059046455484655
0.19526574957977352,0.15088888814312215,-2.8508436092969056,-0.4943301214386957,-0.15690160217553112
1.422653476319896,0.6696365486947843,-1.9662250022179895,0.7995057231264288,0.25331327053209934
-0.3252691351130839,0.1847841728106057,-0.32820402594142695,-2.386443168670011,2.2017272314640826
0.09266122072633784,0.21796432078931563,-0.9425713181448545,-0.6622771981667737,0.30939746090793957
0.2986913975072952,1.1991515476981276,-0.13388242592885166,0.010476984871835246,-1.061827278997308
-0.42697025800596106,-0.5382406961462577,0.4692635168696354,0.9630829610917285,-0.7321396640712774
0.27561588758640826,-0.2679218011374693,-1.2053443222145406,-1.274651830254343,-0.7113309386710225
0.576703653505921,1.2468012164810591,-1.4781619362672742,0.37395246598448256,-0.010926370159200342
0.16654788460949702,-0.8698324662007497,-1.2487816557329772,-1.626246885993945,-0.2609213141285096
1.2922720681627313,-0.785493223531385,1.097087168739128,0.13114435195953458,1.1810140511251783
0.8347776927922956,-2.1319056819982944,-0.1768450861075044,-1.6232356424325602,-0.8020846200359666
-0.910039252531078,0.10569519483681308,0.133105124450136,-0.13570463256617665,0.5116321163751919
0.23564221415195327,0.32250619563208194,-0.10017777840425572,1.0041262130644533,1.1887890834782178
1.4669130404177324,-0.12592488735026194,-0.16256869148136627,1.1234685819159074,0.09984159976038716
-0.5640283521410026,0.3172411117338493,-1.1697623091000595,2.3581697860390656,-0.9261586167762229
0.647766891862459,0.32910414989220454,0.7680507598419326,0.49313349632170583,-0.13204634462973042
1.1005353892697598,-0.37332925011076096,-1.382317789243952,1.6336387009131113,0.3296407347754568
-1.374696971991718,0.2563167110766008,-0.36248096019045445,1.1084352687638446,0.9858785652700888
1.5405563271103935,-0.9174816830063286,1.759808142877431,0.4590665810400645,1.202588370434712
0.922625247850539,-0.1853887148266136,-0.9833949813733827,0.49752614540619045,-0.15234565019996485
0.6769520029645425,0.16473292076103646,0.09894953963893406,-1.1124940737276343,-1.5527238685861404
-0.023003602090395283,0.583933923914589,-0.1396036256492956,0.539797044482828,0.8134643957713603
-0.3203858781894827,-0.2549669078487811,0.5695591485256473,-0.1038156773108367,-0.1942726175370873
1.1428551195751304,0.6799222032650948,-0.4074026571106893,0.10664433525639848,0.9036678402227544
-0.8711701398122174,1.8145905059587866,1.6501302752812266,0.3376927543393002,-0.49594487720356994
1.4163210789291774,-0.43523782120372223,0.5030294197776028,-1.0827430553910447,0.2710212665732496
0.6638406747116685,0.38612891330374605,0.8793164932315947,-0.555016789362991,-0.1355562749593437
-0.8170245984751217,-0.5395305809914229,-0.728560923882504,-0.8636537394896064,0.5350618040229054
-0.6671229262408058,0.178065275512523,1.1937613156385545,0.4580904368719856,1.0199960833454131
-0.1772145117089941,-0.4542901281606117,-0.35942162065726274,1.7829308217088105,-0.7869299714543543
-2.1649210019635263,0.8279893010481947,0.4157375103678979,0.5228791034603077,-0.10228642135533837
0.4249526936232154,0.5561593069042435,0.709641892915182,0.2690555482304343,2.527263669005657
0.20448021617928486,-2.2392896164151757,0.23159021108240008,-0.27138639710665574,-1.7651367188088483
-0.7164569263046724,-0.06685112181033132,-1.1197872618442344,-1.3062001182914516,-1.1641208015129623
0.4383950429798337,2.1624426504226895,-0.4740725877341194,1.1510104036765292,0.06043815425179806
0.753874272379604,-1.2392077702743887,1.4878552857420195,1.1908716360727802,0.4816767880909322
0.38963109861361794,0.3228945515011504,-0.059181264570289514,-0.29087070540782833,-1.4474218553789386
-1.0493719206920153,-1.5629893155609884,2.0865609800386538,-0.5768186209186024,1.2852279715747763
0.6170967779117926,-1.1824543158078196,0.5420897083371273,-0.9925109576624309,0.7168241696740654
0.458863039795511,1.4533908857436273,-1.905241349795739,-1.9658377377359548,0.5177663545059831
0.23777382735987596,0.5429627954723082,-0.7770122040603108,2.2525977941683366,-0.17199105250664057
0.7248166146549944,1.0460040563537978,-1.2037519478947845,0.9273436331985622,-0.8094184264343944
-0.7279523670465626,0.9123876570429191,0.9902650094404667,1.3723499927260852,0.01391473479269203
-1.220223606878461,-1.2159214045741218,-0.015579758395553495,0.21218180440695977,1.0173422264800382
-0.3663479805453772,0.2797311829340039,-0.8712039910315367,-1.052474395918063,0.6364765928138033
0.06806628178843965,0.9112194512468512,0.6452913919054216,-0.044229827232705965,-0.8598221514659186
-0.5550642591618333,-0.2537026226602988,1.5553549484944078,0.8151826914260352,-0.6603559146732102
-0.43922857673753074,1.4557487929737565,1.6505968483586815,-0.7512836081573563,-0.1796006852566926
0.8920171780612658,1.1797028775498595,0.3923305244363585,0.45849703284754295,1.3977731744407442
1.810744962040632,0.8478497800404791,-0.2210565823870095,-0.8824031868315696,-1.2145189768748277
-1.5921546762944832,0.300469149863584,-1.187121197136929,0.1116269243190235,0.36914360902731436
0.09797530922062782,0.5058744740447281,-1.3314877267112653,-0.6192777137049494,-0.4118945264965103
-2.718950575166704,2.4919526938429626,-0.18302572753237065,-3.3044197407015736,-0.5934128980654312
0.27389181698712284,-0.146848478896207,-0.6713917291511373,1.5870485089453155,0.003883207834729579
0.0243494941798782,-1.314278717139571,0.761197423330834,-1.2138781802267251,0.5528589809638625
1.6578877284225084,-0.783458127198474,1.6543623881934704,1.9161717527230784,-1.2357909426880211
1.0893974270723885,-0.9325916097661686,1.5646108458198642,-0.20959134995368042,-1.7255743071496061
0.9727173783887328,0.021326047135263405,-0.0076489878821651746,-1.1473824215653798,-0.699733752226172
1.7049259664690735,-0.72956988430576,-1.3047423290149964,-0.40503116757021185,-0.7354662598382263
3.567261540319909,-0.15305361518698493,-0.5472560588676584,-0.9003613470312007,1.3085998833375971
1.3581882612364031,-0.07985325961189287,0.6372107285330221,-0.27266134358055444,1.2146122663547982
-0.946445512213228,1.2092998612388963,-0.9970013038236907,0.19768454245445222,-0.8088423752061138
0.2782242042875302,-0.40095282554668743,-0.21271153797994743,0.8929602045610139,-0.02523680143674928
-0.6143292107770054,0.7818044832703488,0.5121757202158597,-0.6815166233526242,0.8566541623452133
-1.45654224660057,-0.3240204430881327,-0.7803006201708106,-1.2002883480488002,-0.7086296232272077
-0.9887554974971818,-1.0369705588894824,0.7206425130527501,-0.27891457132615166,0.8411645955951028
-0.4617357860725616,-1.6465118985510045,0.39867019751221716,3.512197476229914,-0.6594303634164512
-0.8733014426378838,0.7447003331946764,-0.8472623710098736,0.22299156553620156,0.6280457737162605
0.25632213300953843,1.340875783564925,-0.07443688845789628,-0.3462281202398117,1.193842541793121
0.19670322828509415,0.2512786360232657,0.77210537164909,0.6321789631162462,-1.7157652830352224
1.6393058542977414,2.3225824894252267,0.0320280534955289,2.0304024106579335,3.688189170365649
0.16378465093581837,-0.18326809247944548,-0.027788064061309063,2.9510031665758607,0.8781097921639524
-0.5259183543991596,-0.9424161235888775,0.14018086756246828,0.1535131730890557,1.2205364745090501
1.4214001452564144,0.4567825809175761,0.12397811284455731,0.40813082328612693,-0.8094166630576511
-1.5367279986464044,0.260926189640182,-0.16738671490539617,3.257342580503186,-0.24955736231077716
0.7802769203108714,1.1322328210068102,-0.7019982033776434,-0.538700393104022,-1.6091728479649483
-1.546806044127041,0.3924877881385749,1.730739393866473,-0.15784275416205631,0.6663919233963849
-0.3025723939580383,-1.6390880698105035,-1.5403706880871735,-1.92645425882859,0.014918876368063532
0.05040069051426479,0.490106949066328,-1.0198539082080091,-0.7443464791955975,1.7686930942392767
1.0047578831951778,0.6793929119132293,0.055361347432931446,-0.23853484970409466,-0.210429857161722
-0.33259974272250614,2.5458524965683162,-1.85281624310713,-0.00911213053015013,0.8854245690303684
-0.9729100104078114,-0.33796149322073815,-0.043281049924493706,-1.8643169920650144,0.07567058527709433
-0.040866396396851634,-0.17064210771006777,-0.30601781066771516,1.7350532175987214,0.5042534594488141
-1.011727129356913,0.7783868470563938,-0.2244096512412079,-0.37090494883484687,-0.09979305570774291
-0.7391411930853593,-0.49258597086522893,0.32791955339742057,0.9332983281518886,0.4972133256258668
1.401066178866396,1.4122690454907172,2.7530880634263886,-0.03456173071776476,0.562155862630254
1.8142002730953541,-1.3899502569039803,0.055568844393012004,-1.2507765299546831,1.6347219567457476
0.483892731397217,0.17841995774342917,0.9562499868698368,-0.11633416919607267,0.1939687376761272
0.31875521531359036,-0.6454811875143325,-0.3093349289763693,-0.1514194408741503,-0.7257535860777609
0.15312782952558393,0.27513501616288116,1.0302689592089473,0.6974445525657214,1.6936542303599855
0.9276157670163623,-2.53858037732844,-0.15722790416142776,1.8233015646479147,-0.8779858885380832
-0.3422948209929752,-1.2781685569171173,1.4351656988960142,0.008400188468794497,-0.5198147061618847
0.6349002458439685,-2.00019898350475,1.3569968256583607,-0.3279166298307929,0.0779680027005301
-0.522600922102054,-0.10883469550393181,-0.46407940036114015,-0.9076369553636278,0.25321952600817804
0.629067045149238,-1.8434964743779012,0.10345297934186527,1.8791540414021153,0.16753530133592962
0.3524846394875689,1.2338491567023622,-0.9218491636906176,0.9739182996730684,-0.1608577726554824
-0.38297659876221923,-1.244585338826268,-0.1397838461331691,-1.4847627057772466,-0.7297460093889777
2.2071061846321087,1.3196950205911062,1.116385044615368,-0.0815130952654436,0.37251180265601896
1.3716878018772762,0.5496584332792378,-0.13419392032929642,1.8782343645647412,0.5834834373941657
0.1158127189010978,1.2084823690883586,0.11841970897482103,-2.394923740084116,0.9752797493494783
-1.3329406231039338,0.04505876292360463,0.03463363236956006,0.9436269740982114,-0.12579954990054668
1.034117311897932,-0.3370847144251434,2.292615051324438,-0.7894596605153384,3.15292334928357
0.11986789825555615,0.4155545899782771,-0.3150794356191047,0.7885514841767678,2.4195246568854953
-1.5740213530126534,2.0067568439462384,0.3857193377447298,1.213439555864455,-0.26420689745463155
1.138205187956189,0.12828430073950514,-1.3054130602987146,-1.3531955722832363,-0.5199290779355978
0.6223494299898056,-0.6417814195596206,0.9118883828693803,0.3675981585783057,-1.5406037321637565
-1.87909291634217,0.21536366963247733,0.4729703680281133,0.08579984294248691,0.32071950410735256
0.6771331707515269,-0.6085332991315588,-0.5134034656592837,-2.3140778347685993,1.101592282070671
-0.15604760075205487,-0.4024782603822783,-1.3165158235316392,-1.2589064483220405,-0.5650080641556704
0.7345353170430309,-2.0640873549865693,0.7704826110360454,-0.6577351889972495,0.8614203862825662
-0.14579298669300803,-1.0629267625268952,1.87607831544276,-1.9844931703592033,-0.6154131571573196
0.21248172378645797,-2.3397857595789895,0.5505414708251748,-0.8773196833791781,-0.797613321436599
0.7278628773792379,-1.4982714504269223,0.7246791674476667,0.34085658921709944,-0.7266156362789262
0.6613353045487124,0.15894729046061817,0.6797617327677519,-1.047874942511127,-0.21357519427692725
2.2661028144722652,-0.466099157734541,1.3540497373511713,0.4870389203122592,1.2288817808556662
0.7886140196829613,-1.3895385058897904,-0.7699912568711084,-0.6765325096769532,0.8497934408115968
-0.5136946397538485,-0.4398327010583313,-0.9257662391380935,-0.26715953699744943,-0.3033360376096838
-1.5560734370935123,-0.4143311702103109,-0.6225774574051542,-1.5494060998798942,0.16339339687201856
-0.7316769204160906,0.4416325575551097,-0.6094097941470566,-0.14976431962958764,0.019631975346076296
-0.24197168128262803,-0.8578872525807348,0.8920151862009509,0.5629365782208982,-0.028271571645485098
-0.15333034153410147,0.3172048907723425,1.167039728645146,0.9917314060536565,-1.7695991617974172
0.5314088217896134,-0.3443934112938502,0.18797256109577073,0.7283906475480073,-1.2811947220056519
0.7115763611514216,1.3961115156330197,0.042902585046478876,1.1986329263710556,-0.9756945788105688
-1.643652303535883,1.3585795308815918,-0.28809957600561376,-0.18184136279503235,1.201196114916931
0.2412336076354363,0.22233361654505102,-0.6502464413471185,-1.0677128808476803,-1.5489778660976012
0.6609014605302806,-0.565672083229068,-0.1564330033775349,0.3001214091510169,0.6053990430579538
-1.2542187284528985,-1.2283113310495113,1.337577896694824,0.18603907763198294,-0.7474521552242762
-1.5510227939838828,-0.34545334246251397,0.24493978513113573,0.8672633506939237,-0.8294073024243758
0.09994710332643233,-0.47713952720140923,-1.311194807905598,1.0005820557174336,-1.6617367983719025
-0.5901010737486508,1.639203382897306,0.19993818297263008,0.38417313884981885,-0.3992440374585797
0.23777325432635357,1.260371706749642,-0.003410407792178942,0.828508676504949,2.0782490180805415
-1.3832688209917081,-0.2422546156978754,0.32586593416597415,0.6202783767940767,-0.6967368988518368
-0.606941115306873,-2.0337939688968856,0.29813379643139076,1.3583893701655279,-0.4926307448083206
0.35349294034482587,-0.23993149910622183,-0.6907440641576169,1.3361359103080745,-1.367318036380215
1.852529238239512,-0.2269668439806661,1.8538437273763173,-0.41354500897405355,0.9683972749478584
-0.03940340147913126,-0.24384279177504695,0.2873108713597006,0.9733237997917137,-0.024182055695013586
-0.9205734135320972,0.6362551534496478,0.026871449622308287,-0.6044502368674202,1.2848127789245496
0.7604164874586244,0.3328014300799087,0.2583586414408975,-0.28739347765955786,0.6432625532313364
1.329381464008999,-0.22511800313139005,-0.7803025111361769,-1.0235127195210796,-1.0268060538642179
-0.5196499091502614,-1.1979703442827894,1.2229065816330962,-0.32872089950582095,0.5315100221271182
0.699653838808874,-0.027494670533098557,0.08998162587376474,-1.7556314110459954,0.24094493576399612
0.4443913174876599,-0.7705534173179888,-0.8820161474629387,-1.4013779689899026,-0.9221315396550855
-0.8311486846149575,-1.749073305643428,-0.33678941635647097,-0.4454196438207416,0.03499247057280677
1.0481264422871528,-0.5324549303402715,1.26766620183606,0.5508556988301302,0.40948277071179096
1.2645759361400464,2.0029365254264504,-0.938115863650175,-1.150695956060375,1.571920513180739
-1.1645182986738432,-0.36254589760089734,-1.6605752760078087,-0.6170260676864157,0.9855607498423966
-1.7627158143262238,0.2172316221958921,0.1806192381579302,0.9024519457880583,-0.2972672569233403
0.22973688704871537,0.8089707660606446,-2.6516322717032077,0.03119045842854182,-1.2768661480974206
-0.14722875863780874,1.074828395771773,-1.4361421236893204,0.5829044453515186,-0.5204711813912496
0.5568156493497739,-0.7333039577156489,-1.7968914697427252,-0.14664426526716184,-0.9337657017227543
-1.3044569258629894,-0.15104370448955873,-0.10833319330193227,-0.1244674450892865,0.22386006735210787
0.9565061865838541,1.1516648840032364,-0.7023674831949523,-0.6596938067835403,-1.1908814026758456
-0.7393203365469633,0.43276462567073726,-0.6423504466856644,-0.05246581542564472,0.5933172686776813
-0.6966571973586344,-0.4443381481533274,-1.1279313913051106,0.05588220329043759,1.3867999612624742
0.054521544569479545,0.5516457054416561,-0.8753359978053209,-0.5878005205000703,0.31002795674854394
0.4424145853853725,1.1178926988480637,0.865692794164129,0.8451824962023416,0.4766687334168882
0.9151375135906018,0.0030210552494741353,-0.5237786123667398,-0.10910878367606726,-0.5566438017689326
-0.34012892322384514,2.0633431808261444,-1.1281167640690208,-0.6458245805278605,-0.8350613686492122
0.9663908328363573,-0.7314263632545758,0.22246047508674616,-1.9467709666195987,-0.4441159100687169
0.09077489485166937,0.5772264518160972,0.09078612499854823,1.560160608455727,0.8440360074433836
-0.8784367793430679,-0.9042384655782498,0.23263886004351458,0.3620075765754291,-1.291181386304546
0.7202296907384536,-0.12786038959582877,-0.35995162260782604,-0.4276063695507499,0.26168365769466356
0.08472011302360105,0.4127585774304797,-0.3202844824027762,-1.130637991639716,-0.5298659183470863
-0.4934635047169788,-1.7752912516741326,0.33351448961624797,0.3506466832134872,1.3832552996034977
0.6111221557805563,1.2335743934739818,-1.7155504268663768,-1.1946105233745017,0.2738881799609042
0.8353725341829644,0.0017858715156820566,-1.184046328723372,1.3528121164401044,1.2856311704947696
1.0985426904505842,1.0385379939193238,0.8793446503446678,-1.165998681545918,-0.4945801801818975
2.1994126195006,-2.7476724237524075,-0.332274509078052,0.12975495107922272,-0.04167623138214641
-0.06004607090206742,1.8172471308473799,0.8110071700232735,-0.996512863728759,-1.1815335345925464
1.6829025304178595,-0.21291793154816704,1.9705373322986757,1.3696199063476067,-1.0632337357606731
-0.37418826668912747,1.4860926359929774,-0.21028138094971008,-0.17211679029551605,-0.7420828354261519
-0.6891322064045136,-0.8261243753248451,1.6092917327155905,-0.33388461642049194,0.8246667410940486
0.2880293381456415,0.34507057187602713,0.4370717327810886,1.2983195419359406,-0.1657254385946761
-0.44558154831782065,-0.7952131540860007,0.679292808786571,-1.4199762088982104,0.16366263305738257
1.5560598991230667,-1.1846750576517182,-1.0361232912720777,-1.5022075273955389,-0.3447808675139513
0.2760561535396122,0.32341175622260626,1.0949822145150732,2.193692935554669,1.3685255292064564
0.7694164352596594,1.0285723764927517,-1.2281600162966284,-0.12604594478513695,0.5541263904871053
0.37848046423332665,1.0625411964294116,0.681918995583916,0.20246290304551484,-0.38427721036938234
2.0006196838972508,0.8128119060679282,-0.8130112588788323,0.6597487555301147,0.3452085905607712
-1.0448642694302093,0.5786172270584388,-1.655010980172057,-0.5831026471500673,-1.9849083197720814
0.5107572897794799,-0.5904646933534868,0.874115209099226,-0.7517228653837944,1.236933812473932
-0.5481057068650433,1.0259712842940532,1.0435584322721934,-1.1523806364107738,0.5459511971210379
-1.152102067984043,0.36590489094423245,-1.2783373513530802,0.1514649112510543,-0.008456827322245087
0.1825279261864243,0.33104397035743105,-2.45064568948793,-0.47529764997117663,1.32489861655739
-1.278486890506139,0.07691468770156165,0.727776773339723,-0.2364974417621081,-0.9679237047271153
-1.4638254374341573,-0.7173476514134473,0.0805860634412867,0.9375498203097041,-0.8467021795930847
-0.33505931311827625,-0.577800037200454,0.5052922467774447,0.09194571828563772,-0.1437265999496293
-2.382321949631157,-1.2499027199295354,0.6231466866249701,-0.16920443235858523,-0.42103700835922775
0.017805996248599482,-0.7358417218461575,-0.8885428777666236,0.3016534251942566,0.8597523214549306
-0.8595573222273896,0.48180670634914036,0.020346925484736832,1.4276980437988693,0.17668993366549626
0.02899009319161306,1.4161317978635155,-1.4994847300520149,-0.9274664034781158,-0.6059190423593397
-2.678233419799855,1.7720435777740866,1.3792908721960533,-0.12518689165069077,1.126312545350854
-1.2168539341930467,-0.5259821069177529,-0.7686111551971689,0.8639710325182565,-0.9405702221940943
-1.341304062298563,-0.2772698283771184,-0.008734370662183358,0.9680483621693069,-0.4798522923886083
-0.16250926427341714,1.9966369281423906,-0.12457879147687588,-0.4575733370234217,-1.3573022936365404
0.3336164327956365,0.7116078434849896,0.10240019460486839,-1.78603752333936,0.3558018374589284
-0.07880278856876385,1.2572501247879717,1.2113188267628636,-1.4221267977649426,-0.043727055324246
0.4459031156747281,-0.06939263233638181,2.1217151726063204,0.540444318201571,-0.08759488277302539
-0.9424662603336287,-1.6639928945536013,-0.5604706630002577,-0.9638042270704767,0.29865747337993054
-1.299023749052442,0.9359573139703928,-1.5618942972502676,-0.0904165365608113,-1.0936703616678545
1.1503276600063632,0.5002177123804286,1.3027872187513518,0.23835313454633994,-0.5693349623730486
0.8574619798725853,-0.7932443735877432,0.3549349905888635,-0.309074184400998,-0.57284291414527
-0.6773456547980012,1.3860719365737708,2.424484797857979,0.662172931322129,1.985704365846311
1.2285645778803465,0.2517755040172077,0.39477749924640915,2.053145978063621,0.7157856332893628
1.0978145972329683,0.7742037306998301,0.39888139483733276,0.44249323675024715,-0.16176941872242387
-0.5930965745688195,0.5227669570641688,-0.0720902620958427,-0.1764573030756732,1.475133594564872
0.09491048924710756,-1.0006899307163997,0.40182066834049374,0.8548203369971831,0.5756033997532992
0.9585713628890117,1.3473647871642673,-1.665573074454107,-0.7841081630327438,0.5175676698005128
-0.6091306877440255,0.35280032157794333,-0.4429574440929903,-1.0840599206483088,1.5282651522945527
0.1324215631264892,-1.3025184722795062,0.7521104124912427,0.10739526125970195,-0.07236026639489669
0.8841193520502498,-0.1189745457376137,-1.0956059796993824,-1.362217302667337,2.1225961736275694
0.5179952171835347,-1.0595193586387897,0.3458120602840107,-0.30468148552967844,0.3266233176281557
-1.551692220509665,-0.09280771502213325,-0.6526456761234886,1.3253771592042214,0.9049606512387649
-0.7044033238779474,0.30724931623779145,-1.0171107312951664,1.2144401934383622,-0.07030027162706336
-1.569484257747794,-0.24425187336657372,-1.9369345156189839,1.3533662905350232,0.2604336008788577
1.68211493315662,0.3394202914306067,1.0883216442851742,1.8326588501509775,0.7651553291142612
-0.2637366300882733,-0.7511072359874937,0.522559033947125,-1.4285191537521813,-1.9253721699917052
-0.2731918997461277,0.7657101482478983,1.3118261117951382,2.24336697627762,0.0549717115851133
0.3347839450910297,1.0563455245267772,1.7194024851325092,0.5629363694258654,-1.4808840961789558
-0.3487306399998877,0.14256650401587842,-0.043793701977146,-1.6797160064913093,-0.021645005864061494
0.5746248416828379,-0.6619626453172205,0.7842123207695116,0.2158201467827984,0.12135694947531751
-1.2350395480407093,-0.6693954005580077,0.8797134715576981,0.11360162702614768,1.2450032718658768
1.0172973397947511,-0.635907454703264,0.04716474666785425,-0.05161071587846006,-0.714766901255542
0.42944605052236673,1.7717593270986078,-1.4181968041118032,0.15710344936320567,0.4112759236764343
-0.482230085190856,-1.2767350648074391,-1.6872214154441623,-1.6534752487992381,-0.5795628525005859
-0.2331618223976933,0.5639914357982391,-1.1098516699961998,0.9285175662977297,0.8606775372223003
-0.7258544914511117,-0.3313652431803871,-0.7271977415115863,-1.3716991257053983,-0.6611561916494605
1.6141624903878558,-0.4203344221511521,2.0355837586601946,-1.7627171627983258,0.37736423592818197
-0.2503210862282798,0.3290281584752708,-0.08748142306834882,0.939203157631761,-0.1273813656983411
-1.398935309385999,0.41376677250862626,0.5646747084690044,0.9081750930095838,0.5112895366683456
-0.5058100985714752,1.1100439790108365,-0.3026033970705554,-1.8136133465542124,-0.8574415096495079
0.08386673672993815,1.3158380708048927,1.0100222057563426,-0.2637820831251743,0.6437476594190331
-0.6410533682323403,-0.26440311319555426,0.21110153737987616,-0.3352070816330373,-0.08404491555325283
-0.9240292785182229,0.4249873815851992,0.03536887278788885,-0.24745855502905162,-1.2478092006590447
0.21522394076575543,1.316945025704917,-1.4024340803939417,0.5784070918498546,0.2795621624570241
1.0338186317100553,1.2274414300813845,0.5342505028191364,0.042312494705314285,0.875304287689801
0.15811909303598948,1.568157508567209,1.3823385652371656,1.4231979600787459,0.1686456253394352
-0.35518235556257194,0.9516085205474202,0.2792412854534657,-0.29433498410433434,-1.7274315737752182
-0.7714024776889761,-0.13188588338968402,0.766317655888412,-2.531372389367388,0.3867408418511981
0.28971958778967055,-0.6643621977707741,1.2890175330679565,-0.21990463468178184,-0.3518859762470738
0.5616554647149726,-0.2357453097577733,1.1540457170635066,-0.7507124839987813,0.3231733045127296
-0.2818026523567723,-0.553983497147839,1.9172535260148844,-0.6221494079716886,0.7781527463780639
1.2935643284599616,-0.43096328706625425,-2.257614741116708,-2.0566272167745425,0.283588470021511
-0.20045059885463654,-2.240339034171623,0.8085259341971636,-0.7885395046395268,0.7767240693620331
1.1559103713481549,0.9812980216236137,-0.2107784348814732,-0.3697485661479271,-1.4443221661504435
1.4378316643846067,0.9526364720756535,-1.4831304723347558,-1.1136217258013081,0.03324057286093963
-1.1843944780071545,0.305332902642944,0.04540035045244079,0.3680004375079709,-0.4897527859439554
2.148346946695697,0.24741127533635704,-0.5014646844375823,0.7495329983569259,0.2577234551693648
-1.0322123351300734,0.5992190166782371,0.28648299838847785,-0.7076264455840015,-0.18466539629444206
0.3568036700496892,-1.7482157749915275,0.3679542499120001,0.29326920257472844,-0.14213628765643346
0.7473108684028,1.90739005911343,0.3107105854637556,1.9374604226243461,0.5062193908631004
-0.22548758715915138,0.6972059954690664,-0.32432737229989683,0.6990812295448441,-0.07574419503243088
-0.6282537914868802,-0.11909984239747477,1.0249072584260444,0.2517856494884812,1.2372122176001932
0.2751399725760224,-0.36489757977132115,0.17291876548563825,2.8504721254535084,-0.17876489837937756
0.12360891131229691,-0.6867254168043814,0.9860640557704373,0.19205538823717141,0.2355758435728029
1.0134723711836913,-1.3618022918237995,0.34187307512121207,0.1851951512571233,-1.2141985756083873
0.5296086443357333,0.6001927339010534,-0.11285733498271841,1.3116746581740246,-0.9915571965819645
0.3378215158913061,-0.5105457024163019,-0.45517157576840583,-0.6733556519401498,1.0532155732223973
1.491707036521622,-0.0457976472546697,0.22921684472589218,-0.02072290520585572,-0.9219697061508466
-1.2283636239112394,1.2450898489368365,1.092001856695304,0.22612847815642412,-1.331678685464776
0.10745088684455045,1.1605485520339873,1.8968781992844153,0.48381247916139514,-2.0287980176218765
1.8841737701976164,1.426541754037535,-0.49085609957782267,0.13489499533807092,1.2273461757032456
0.02274205111885477,-0.24119094208275493,-0.3756573611531639,1.8402106707797754,-0.9232000809951159
-0.9255633088821578,1.033434090769889,-0.201242945561313,1.2767266898945695,0.3850099022496445
-0.4074506676924428,1.3175342270680184,1.183497425573036,-0.15646455038551815,0.08194295279004064
-1.9318962612600266,-1.0634427072557038,-1.3231550518014357,-0.6119089670216273,0.6703507371290544
0.14124601897134104,0.6719518669497813,-0.12426326192289254,-0.21210044949553306,-1.8574453970266125
-0.47655768001656906,-2.4099280290633542,-1.3112134998419003,-0.9691375316883348,0.39575322019774295
1.664306640603767,-0.9436497033210145,0.19515433784926395,0.6801509870176509,-0.7391896149565805
0.478788030141254,-0.2623849408828644,1.0792923428495753,0.1342667632237422,1.6914190928059016
-0.0402422872294745,-0.06085023315620121,0.03185902482453287,-0.5562363643017881,-0.5821563074475437
-1.751143066526351,1.0254683057046174,0.7778049378915154,-0.9874012506326106,-1.4656743689479041
-0.08195025490853367,0.7622360074767992,0.7289770853712466,0.509829775715143,0.6237439962573302
0.26671151109224994,-1.2015027735175121,-1.498155279874047,-1.3378733516694779,-0.7251717418233999
1.8661443444531338,-0.48222223882413473,3.038582984055536,0.15725790130469147,-0.5228941088037774
-0.16393737628423763,0.8128739632344438,-0.7234159234970272,0.3253862739421344,-1.0285273180166283
-0.07184592698589691,1.4714161006069653,-2.020170759293014,0.3146353230892718,0.7159598756347757
2.5046679750792897,0.5306901572618805,0.8274479864313854,0.595034262063505,0.4824523829000749
1.0877912297981425,-0.16195638465729958,0.48029147961319624,-0.5190032313186186,-0.2845337664547955
1.2359007842611882,-0.5344552670497658,1.5850528385843372,-1.376588117477725,-2.098368949031303
-0.3427527121658806,0.8402886692938907,-0.19311354817525495,-1.7078499585361673,0.6706353387426737
0.5126544853901271,1.9507000235957728,2.3232104137341625,-0.32082318142754684,-0.7321794435309138
0.7842901482998241,1.1126642790646744,1.1178503582978698,0.007727239646553378,-1.2404219449061593
-1.4945934613517589,0.4466551011162755,-1.6159733250639488,0.030724705847210307,-0.3369296707372575
0.7077434495031019,2.237341921053517,0.36136497620430524,0.04971431885889833,1.5840262793535433
1.5232003639241136,-0.7043838659108789,2.16261758500139,-0.7877970370462118,1.3804325326446747
-0.025899217965114837,-0.6505917917018768,-2.2757035654954447,-2.7405349816600384,-1.5339262955244692
1.350004330127123,-0.6946880600434948,-1.023946458289227,0.6370385346416072,0.5171437731130173
-0.6477131283525982,0.9051566153787545,1.953820675375059,0.6247570553279049,-0.8339660297810144
1.0362769956478286,-0.12593978197549568,0.8873566480973409,-0.98617331375672,-0.4135384859303414
-1.2376995427203012,1.0372283512312483,-1.0309313934920294,-0.1174647969841088,-0.13794222364741124
-1.173077385111027,1.6199556231529177,1.9018702191437862,0.35848374682732154,-0.7579437339874207
-0.9634893272520357,-0.16729908266750174,1.7257108431077417,-0.07265894592801726,-0.03887537517724348
-1.2453204235216628,-0.3542629557114998,1.7087537370659998,0.8715056988755322,-1.6657491047653037
0.7456619131937322,-0.3660169916201373,1.8467270723964364,0.8878602387999472,-0.5928773322322923
0.8181567163278128,0.20569508980793588,1.2952050706808171,-0.6909135030746342,-0.2499706669250672
0.4776437035290719,1.2171696855111307,-0.11730653325917566,0.5612743413951311,1.4744920526608407
-1.060585478205175,-0.36877200263769244,1.1094372711023543,-0.6671581007649698,-0.7323204385247516
-0.21116134235695774,-1.0103552902953177,0.034230236429103465,-0.2693245367097087,0.011503649036861617
-0.03128345489174369,-0.9900270096201282,0.9518990397428516,0.6667262756748182,-0.2503220868064585
0.42486237636999596,-0.8092723728680461,-0.9853707283365817,-1.4977806996270004,0.5680103884349951
1.6641834920962375,-0.9057472478334117,-0.07308326595423975,0.6879263846531757,-2.5813018148779316
1.0404038858201865,0.5153068079447554,-0.49619726636387695,-0.17730178417407874,-0.3361054218732039
1.1788290020072054,-1.2079587487038401,-0.29789722245999306,1.0890362129287352,0.266095065143811
-0.37668699996391725,-0.7460475904747592,-0.6733301271836649,0.9719079649289566,-0.24247765339678487
-0.27544934348039557,-0.2848028373889458,0.733246408726635,1.001753413445275,0.805183697722721
0.22813845381293069,1.4186715937761185,1.4032020244995298,0.16902050131732374,-0.15297493886189234
-1.2260126617536478,0.2648823440026243,0.019380336863629846,-0.6895947688412307,1.042904775770951
-1.0981409769094816,-0.9153952160585334,-0.8732070207317579,0.1904807382071184,1.8827672827886164
0.3083219254080005,-0.1476601295630612,-0.37717969730139933,1.2654689316961474,0.8638721321017994
-1.4598804800873597,-0.6355934555852095,-0.7303051046038573,1.3190766786324861,0.5689473305166113
0.9081378426272133,0.03718988216729688,-0.15968580005393357,-1.6763312055021646,0.2530171393604062
0.4971594550313587,0.549751536623738,2.597157289919338,0.24490602840419132,0.6275594641864056
0.722812817535969,-1.0098600965838698,0.12625470028641372,-1.0106355784967305,-0.5479439513640944
1.0635474045437372,0.9428672356778965,0.0021484795178561616,-0.853857240305448,1.4028302262810368
0.7811972470844917,0.09283853730916218,-1.7707598234357376,0.654465034517573,1.198658232685925
-0.03458658516304704,1.391092195480281,0.6139373999601788,1.0318422096126703,-1.4065480844177043
-0.28270184763062556,0.9715081343360391,-0.8793258801331649,0.26289603690275637,-0.5308425935466733
0.33429424192846185,-1.2801120861968454,-0.716709256282328,-0.10718857151741251,-1.2155177946504376
0.858353755078036,1.205850337560637,1.4622567197648113,0.4615719453004666,-0.4947769691388808
-0.09782980290079304,1.253191784107485,0.2002547918515374,-1.0804961140371696,-1.131969823709029
0.502869036465744,0.3588608595863112,0.0294012875166443,1.2845412963227552,1.6317983795123954
-0.4033745680053256,-2.9643621104840747,1.1945408510631201,-2.1307401563296207,0.5695581965047557
0.14658387876557574,2.459532560400804,-1.57542445349911,0.5172447318144453,1.3019528615517983
1.183989184837433,-1.3268477788326356,-2.3905393858102406,1.1217747995623764,2.44591304884722
0.1736533822275946,-0.0029220639484383894,-0.870467166168658,-0.08267786598866511,0.6904582207568881
0.5883274618357737,0.8328517810784273,-1.381789114280387,1.2130710269353968,0.2978827560785656
-1.4951224017011049,0.3844307818638898,0.7922161221535947,0.011811682059173371,-0.9858678701363898
0.44601139311043264,-0.33788461989515023,0.05388153025705675,-0.23251378729666466,0.9952888788300578
-0.6180433545491515,0.8765162867406496,1.7773081542325297,0.44633720666504223,-0.3203150570616637
1.4727648253086982,-0.11366059077231873,1.7717773870781772,0.6783485222593447,0.5769311494402256
-0.9614266603820056,-0.5543604719681103,1.1670255976955874,0.28359403699474495,-0.7842718826793854
1.539741757434524,-0.11577191291774482,-0.5628150474029157,-0.890796902405025,-1.0016965138318275
-1.5820012833778363,2.099581646893894,1.5105880050686924,-0.3087812104217583,1.324134658317967
1.1974405411679974,-0.5475176904948854,-0.13104348320557602,2.799462791548087,0.35597311439728857
0.661500789416347,-0.32921096156881635,-0.45120107644934204,0.37160910340206055,0.7788820858930677
-0.6316155413309092,-0.5663119216084573,-0.233367494144314,0.295229245652667,-1.18402031518346
0.07590745021335567,-0.27133251558255084,0.6227863146285161,0.6597999557091845,-0.29880353688199207
-0.25321322393556833,-0.3424225990112076,-0.16284318091157715,0.2396139213770886,0.021685396451035496
1.024688060099164,0.4114028577864454,0.5808984638062554,1.7828754420519919,-0.3379694909077385
-0.6527301502870599,-0.17436453103608138,1.0930757115929928,0.3117493767760322,0.5569859301375988
0.05645773124445585,-0.7374322027604732,-0.27011669250825876,0.044558413269532776,-0.09584429072151476
0.21373803661555177,-0.9342364463660056,0.9584094259278525,0.09698150830510244,0.23677333163818992
-0.7197778403123426,0.015389529256481307,0.3616126135786261,-0.3279551423381366,0.41414310705807067
-0.27206142132589234,1.2894670772589674,0.6996289528294516,0.11551120871216684,1.5301320741045346
0.715466382043996,-1.5102909458318665,2.1294755205540827,-0.4616348674926445,0.3529401075839317
0.8038153706300996,1.3915854044977591,0.4421003324405232,-1.4142429905988176,0.8237404063204388
0.5818734881916634,-0.22283098395596054,-0.552049180152694,-0.9776030677657072,0.7298631890101297
0.08227798391333535,0.8856658996554652,0.6634467934807956,1.493709501419605,-0.9686658959304364
0.025520914577721505,1.0479981880373503,-0.6332120750888148,-0.6274328273449807,0.4142856089823629
0.06878187128754415,0.22359618948140303,-2.0773938619513634,-2.1784807940553916,1.3311010910085683
-1.7283136831935564,0.2571936890071311,0.5062237101662952,-0.4595308776918145,-0.3117091611045714
1.2615937011126943,0.8478051603988389,0.48053226708019503,-1.4633939174736676,-1.1411566312897876
-0.47225508144991635,0.6824545873216563,0.6172528016949571,-0.24185700740444466,0.44726869987703316
-0.0290978764924934,-0.9463507540172182,-0.7039560661842782,-1.1110728068110787,-1.6025790032040923
0.5790120151662239,0.8696734148323152,-1.4075309681527342,0.9432827313711165,-0.18463233056002523
-0.5268781679595591,-0.8700806029927769,-0.302290191054157,-1.2649548382990083,-0.2996700512499706
-0.015810963223450034,0.5582661797103949,-0.07840890794565629,-0.3564412656619277,0.7683461436703362
-1.3666919747245125,0.315527115525557,0.0020827731913393827,0.4984159692841662,-0.5062319873610824
0.8430681638703943,-0.8826899530563287,0.008650303607219061,0.21091098012249515,1.2221860735969128
0.6621599364018209,0.20634982274194358,0.8488143272423775,-0.2934836164792827,-0.9837840097140623
-0.8821583557346433,1.838867614400565,0.40603232934310923,1.0519715569289656,0.15887875202018448
-0.18884028711743348,-2.2292003797187077,1.8327012343998457,-1.1679008419500023,0.7748190102714799
1.177948615169883,2.0703387160085827,-0.9328044873817795,0.009934522761258406,1.1694745946082816
-0.10456201990230198,1.4983415797736808,1.7758219367541912,1.1632382629200666,0.4046532827550166
0.3441313905589117,1.1047814344413576,-0.5824165847106433,-0.9610260237150408,0.34773587704848313
-0.5691168550408456,1.1112749891457718,-0.41486719923952925,-0.6365978701171356,-1.2562459040687122
-1.2410255615228933,-0.020441061500052354,0.4935425222950708,-0.6450724652995233,1.331218130791925
-0.3864312338793946,-0.7188866802402936,-1.8796946249240087,1.1419923113476063,-0.6048301592291799
0.8393952170065512,0.6968875745318934,-0.4899832349028907,0.586557266502391,0.4396514089556389
-2.1171819212691467,0.7982135674393507,1.4619897954278007,-1.5047794214201888,-1.4288295463091696
0.09807227833136675,0.6523483445537113,-1.4538457033410785,-1.722508612316927,-0.22265463661274454
0.8488279052110167,1.1573748117135148,-0.4019348346035559,-1.5860347564838164,0.9315672960016804
-1.2207014297316172,0.9989510092327327,1.074043451757316,-0.15965481722224395,0.4750603553188149
-0.3847318587786777,-1.3726805541699953,0.308730483524221,-0.7676648628336704,-0.9565585634510392
0.81105029821768,-0.7929844353942237,0.08867463674573844,-1.2363988830853663,0.540872157020089
-1.4504489624141195,-1.512642877619595,1.1368803188902474,0.15485081041223256,0.6912644247296232
-0.5667055751027061,1.216494365848495,-0.6670321643289155,-0.02021675810182791,-0.36382905840983554
0.17396993444560863,-0.2748014646604209,-0.008816705250143555,-0.505888659940075,1.1047129195131886
0.6487760328108934,0.5256550862691266,1.047228675102111,-0.30073253085413354,0.5567253253421982
-0.4367257432758307,0.18016567082811222,-1.5100862641903297,-0.7352662250483196,0.4312474023246091
